67,111,4,128,102,163,170,,,,,
56,116,21,,,,,,,,,
116,178,192,,,,,,,,,
162,143,,,,,,,,,,
117,170,194,,,,,,,,,
14,72,,,,,,,,,,
186,185,178,48,,,,,,,,
48,186,141,108,141,,,,,,,
136,,,,,,,,,,,
117,42,,,,,,,,,,
138,187,147,,,,,,,,,
138,124,194,134,,,,,,,,
186,72,78,181,,,,,,,,
116,160,141,125,151,,,,,,,
132,38,156,60,8,173,116,187,121,26,,
138,,,,,,,,,,,
48,22,35,154,,,,,,,,
3,141,113,129,,,,,,,,
170,,,,,,,,,,,
141,139,21,139,44,,,,,,,
6,86,91,68,,,,,,,,
191,86,92,30,,,,,,,,
67,11,,,,,,,,,,
35,189,185,124,34,,,,,,,
94,146,87,11,4,67,,,,,,
87,30,129,39,108,41,87,,,,,
87,41,70,141,78,9,,,,,,
110,90,190,120,,,,,,,,
90,19,195,,,,,,,,,
136,111,161,152,,,,,,,,
43,141,110,1,,,,,,,,
161,,,,,,,,,,,
194,141,115,135,38,,,,,,,
24,115,85,119,99,,,,,,,
24,137,14,47,,,,,,,,
137,14,67,149,,,,,,,,
35,110,,,,,,,,,,
147,141,4,67,34,5,117,,,,,
170,170,187,60,,,,,,,,
125,148,92,33,152,162,11,,,,,
141,186,,,,,,,,,,
140,161,21,194,108,,,,,,,
111,170,50,121,78,,,,,,,
121,78,187,39,60,,,,,,,
26,102,34,48,41,,,,,,,
81,197,99,187,138,,,,,,,
186,91,,,,,,,,,,
186,110,,,,,,,,,,
93,73,115,44,117,111,118,,,,,
172,56,60,14,5,,,,,,,
16,194,24,115,,,,,,,,
194,139,117,50,99,,,,,,,
71,186,131,43,12,25,26,129,141,,,
187,179,,,,,,,,,,
187,136,49,90,,,,,,,,
34,186,39,33,86,14,,,,,,
26,144,186,195,,,,,,,,
67,186,194,129,125,56,14,14,,,,
83,67,34,,,,,,,,,
72,72,166,,,,,,,,,
32,30,124,83,63,,,,,,,
190,14,,,,,,,,,,
48,162,34,,,,,,,,,
162,170,141,140,19,,,,,,,
97,97,56,,,,,,,,,
158,,,,,,,,,,,
18,161,34,6,191,,,,,,,
187,154,,,,,,,,,,
117,177,149,11,,,,,,,,
141,163,187,86,,,,,,,,
141,163,34,185,28,,,,,,,
111,56,,,,,,,,,,
111,56,144,191,49,,,,,,,
110,6,34,88,,,,,,,,
70,178,,,,,,,,,,
149,,,,,,,,,,,
149,44,188,,,,,,,,,
35,49,118,18,24,11,,,,,,
49,11,186,32,14,32,,,,,,
11,108,89,111,56,41,,,,,,
145,23,195,170,52,124,140,,,,,
128,186,110,161,186,,,,,,,
56,149,54,151,14,111,,,,,,
191,141,,,,,,,,,,
60,191,57,,,,,,,,,
38,23,8,108,,,,,,,,
1,185,26,110,136,102,67,108,124,,,
136,28,42,,,,,,,,,
140,101,48,,,,,,,,,
48,140,85,,,,,,,,,
85,186,116,,,,,,,,,
85,186,116,143,6,,,,,,,
85,186,116,143,6,6,115,,,,,
92,19,189,184,,,,,,,,
189,184,161,4,163,115,6,,,,,
6,78,117,,,,,,,,,
78,185,170,178,,,,,,,,
185,15,163,104,,,,,,,,
190,93,135,132,,,,,,,,
135,102,187,72,10,34,,,,,,
42,116,164,153,163,,,,,,,
170,162,185,34,83,,,,,,,
110,70,1,,,,,,,,,
110,70,1,110,,,,,,,,
67,187,42,194,184,134,,,,,,
153,133,85,68,97,39,183,,,,,
68,39,183,72,,,,,,,,
183,72,12,,,,,,,,,
44,111,30,,,,,,,,,
34,179,,,,,,,,,,
160,123,30,,,,,,,,,
30,102,143,19,,,,,,,,
81,188,108,18,,,,,,,,
86,136,54,70,116,141,48,86,,,,
136,132,99,117,184,,,,,,,
6,,,,,,,,,,,
19,124,,,,,,,,,,
85,194,67,,,,,,,,,
34,188,141,163,,,,,,,,
170,123,194,,,,,,,,,
161,20,189,30,16,147,,,,,,
195,,,,,,,,,,,
188,32,46,117,,,,,,,,
180,,,,,,,,,,,
186,115,10,,,,,,,,,
10,162,131,18,186,,,,,,,
83,196,111,,,,,,,,,
186,103,,,,,,,,,,
103,31,132,,,,,,,,,
31,195,146,,,,,,,,,
37,18,190,,,,,,,,,
143,4,56,143,,,,,,,,
18,140,11,21,6,20,,,,,,
11,21,20,,,,,,,,,
14,46,9,49,,,,,,,,
49,186,118,,,,,,,,,
49,116,90,168,,,,,,,,
140,185,19,154,99,190,,,,,,
154,56,152,178,186,,,,,,,
154,194,,,,,,,,,,
152,162,47,1,26,,,,,,,
97,101,35,192,152,19,,,,,,
101,35,192,139,141,,,,,,,
19,81,0,147,18,,,,,,,
19,81,151,162,187,48,,,,,,
135,26,14,32,,,,,,,,
39,187,170,99,186,,,,,,,
56,189,44,101,186,10,,,,,,
162,180,197,,,,,,,,,
170,123,30,4,44,,,,,,,
192,192,77,81,75,,,,,,,
20,161,161,179,117,34,132,42,132,129,,
179,18,186,0,161,,,,,,,
186,56,,,,,,,,,,
186,60,,,,,,,,,,
186,60,186,108,146,63,48,28,,,,
22,186,60,146,134,,,,,,,
18,6,191,,,,,,,,,
49,119,,,,,,,,,,
66,108,49,,,,,,,,,
91,86,170,89,,,,,,,,
91,86,140,99,39,131,,,,,,
91,39,182,86,,,,,,,,
2,99,,,,,,,,,,
185,62,172,,,,,,,,,
44,99,2,125,,,,,,,,
108,60,117,,,,,,,,,
191,186,98,189,119,63,117,186,,,,
139,,,,,,,,,,,
125,29,18,,,,,,,,,
99,5,,,,,,,,,,
90,142,152,,,,,,,,,
142,112,19,179,56,136,,,,,,
136,88,,,,,,,,,,
118,146,149,154,41,,,,,,,
178,4,77,60,161,,,,,,,
187,69,161,,,,,,,,,
128,91,,,,,,,,,,
89,67,56,,,,,,,,,
77,152,102,187,1,,,,,,,
19,159,192,194,,,,,,,,
185,170,102,,,,,,,,,
185,60,111,,,,,,,,,
94,67,160,,,,,,,,,
94,67,160,145,60,,,,,,,
187,136,117,,,,,,,,,
6,39,183,143,154,,,,,,,
10,170,56,,,,,,,,,
136,72,187,185,,,,,,,,
136,156,170,75,15,,,,,,,
156,170,54,60,98,,,,,,,
77,161,141,99,78,18,,,,,,
195,160,56,117,13,38,6,194,,,,
164,161,152,,,,,,,,,
30,34,178,34,186,,,,,,,
56,117,,,,,,,,,,
60,28,56,141,172,190,,,,,,
60,28,141,172,190,,,,,,,
188,98,118,132,,,,,,,,
188,98,111,70,,,,,,,,
18,194,185,161,,,,,,,,
18,194,111,121,,,,,,,,
181,,,,,,,,,,,
56,34,44,,,,,,,,,
34,110,119,152,1,,,,,,,
34,72,158,,,,,,,,,
170,35,,,,,,,,,,
60,98,63,186,56,,,,,,,
56,60,134,,,,,,,,,
86,141,2,103,,,,,,,,
117,125,135,,,,,,,,,
67,,,,,,,,,,,
160,32,185,50,149,186,149,,,,,
56,102,191,185,141,,,,,,,
35,16,98,67,60,,,,,,,
139,111,,,,,,,,,,
111,6,16,18,,,,,,,,
89,166,184,,,,,,,,,
184,161,108,,,,,,,,,
108,135,66,88,,,,,,,,
161,108,191,,,,,,,,,
161,93,185,67,,,,,,,,
167,48,141,,,,,,,,,
19,146,170,,,,,,,,,
189,2,75,162,,,,,,,,
189,19,162,43,,,,,,,,
43,139,5,19,37,123,16,,,,,
136,190,100,34,,,,,,,,
34,195,115,49,,,,,,,,
190,194,121,,,,,,,,,
49,156,56,194,185,,,,,,,
14,61,141,,,,,,,,,
186,144,,,,,,,,,,
144,1,190,161,,,,,,,,
108,161,143,191,,,,,,,,
184,78,44,144,60,,,,,,,
46,194,11,98,,,,,,,,
152,142,123,31,,,,,,,,
32,175,,,,,,,,,,
128,199,1,6,191,,,,,,,
131,97,113,85,,,,,,,,
179,186,67,110,170,188,,,,,,
117,175,182,102,190,0,134,186,,,,
160,143,44,108,,,,,,,,
136,,,,,,,,,,,
10,44,19,,,,,,,,,
34,166,,,,,,,,,,
34,166,44,,,,,,,,,
67,173,100,,,,,,,,,
67,146,56,,,,,,,,,
44,74,186,199,72,,,,,,,
187,1,166,46,164,,,,,,,
30,100,,,,,,,,,,
67,81,145,116,,,,,,,,
177,19,,,,,,,,,,
125,39,108,137,,,,,,,,
30,78,98,,,,,,,,,
196,136,,,,,,,,,,
185,18,88,,,,,,,,,
185,48,130,34,195,,,,,,,
34,178,90,94,,,,,,,,
187,28,145,39,,,,,,,,
90,44,161,47,110,,,,,,,
18,14,56,43,190,170,,,,,,
56,85,188,,,,,,,,,
117,117,49,,,,,,,,,
116,26,183,,,,,,,,,
143,72,170,184,,,,,,,,
136,166,31,,,,,,,,,
14,154,,,,,,,,,,
72,15,150,178,,,,,,,,
11,99,129,185,,,,,,,,
56,155,,,,,,,,,,
156,16,145,163,132,152,194,14,38,,,
194,14,163,146,,,,,,,,
163,18,86,170,194,141,,,,,,
3,190,102,184,,,,,,,,
186,186,,,,,,,,,,
162,86,57,14,,,,,,,,
162,86,57,14,193,152,78,,,,,
195,49,30,0,,,,,,,,
134,21,50,,,,,,,,,
113,105,49,,,,,,,,,
186,180,,,,,,,,,,
19,99,184,18,152,32,,,,,,
110,124,147,185,194,,,,,,,
170,24,4,129,19,,,,,,,
185,15,187,39,113,141,195,,,,,
141,86,0,18,49,,,,,,,
19,99,141,108,50,163,,,,,,
60,152,16,161,195,,,,,,,
60,186,121,,,,,,,,,
180,188,34,0,,,,,,,,
14,,,,,,,,,,,
10,103,186,37,194,60,111,188,0,,,
115,18,56,56,,,,,,,,
67,,,,,,,,,,,
161,4,21,72,75,13,,,,,,
161,34,99,37,154,,,,,,,
160,187,113,,,,,,,,,
72,72,108,94,56,,,,,,,
72,56,154,161,121,192,45,,,,,
188,110,186,14,,,,,,,,
195,124,173,,,,,,,,,
34,166,141,124,152,87,,,,,,
14,6,194,154,146,,,,,,,
21,110,85,155,,,,,,,,
147,102,,,,,,,,,,
94,14,72,19,116,30,29,99,,,,
81,140,8,,,,,,,,,
78,11,,,,,,,,,,
78,14,14,44,,,,,,,,
152,185,18,35,32,,,,,,,
18,141,94,,,,,,,,,
140,18,32,,,,,,,,,
18,128,101,191,167,,,,,,,
121,4,144,56,0,152,,,,,,
4,56,152,48,60,,,,,,,
4,56,152,48,60,160,184,34,,,,
48,12,134,98,,,,,,,,
30,190,,,,,,,,,,
75,149,124,45,15,56,,,,,,
15,186,78,,,,,,,,,
185,180,67,,,,,,,,,
180,116,16,143,139,141,129,100,,,,
78,20,166,50,,,,,,,,
1,154,63,186,136,141,141,,,,,
14,120,135,190,141,160,,,,,,
161,168,111,,,,,,,,,
42,191,,,,,,,,,,
73,161,187,134,,,,,,,,
191,128,15,,,,,,,,,
34,32,89,4,,,,,,,,
12,26,,,,,,,,,,
26,60,,,,,,,,,,
60,16,16,,,,,,,,,
16,186,161,116,112,99,78,,,,,
117,63,185,,,,,,,,,
108,81,14,123,,,,,,,,
84,117,191,,,,,,,,,
19,89,196,105,100,91,,,,,,
158,181,42,34,,,,,,,,
158,181,42,34,190,177,,,,,,
67,,,,,,,,,,,
67,99,19,116,172,,,,,,,
116,75,67,4,46,100,,,,,,
143,19,63,,,,,,,,,
30,196,49,,,,,,,,,
34,56,8,,,,,,,,,
185,187,117,28,190,,,,,,,
117,170,166,56,186,,,,,,,
16,56,128,199,,,,,,,,
199,136,141,15,70,,,,,,,
190,74,154,115,56,,,,,,,
26,196,197,1,108,,,,,,,
48,54,,,,,,,,,,
16,42,37,102,189,110,86,,,,,
141,127,190,60,,,,,,,,
99,141,56,43,191,,,,,,,
99,91,186,,,,,,,,,
187,117,44,98,,,,,,,,
78,118,137,,,,,,,,,
34,154,141,18,6,28,,,,,,
161,67,184,,,,,,,,,
161,134,99,48,,,,,,,,
14,67,14,32,78,111,,,,,,
28,70,39,166,57,152,,,,,,
107,60,177,110,,,,,,,,
60,48,,,,,,,,,,
60,48,30,67,90,14,,,,,,
48,67,11,136,,,,,,,,
48,60,35,,,,,,,,,
34,123,73,,,,,,,,,
26,30,187,,,,,,,,,
143,18,,,,,,,,,,
6,144,149,76,136,,,,,,,
6,177,139,161,134,162,161,,,,,
152,30,20,110,,,,,,,,
110,186,34,,,,,,,,,
154,,,,,,,,,,,
47,44,189,,,,,,,,,
194,18,48,0,67,,,,,,,
117,34,161,,,,,,,,,
34,18,,,,,,,,,,
18,67,43,63,86,78,,,,,,
67,34,102,99,104,,,,,,,
185,50,154,170,,,,,,,,
12,49,14,,,,,,,,,
5,32,18,124,47,178,,,,,,
68,111,128,37,185,116,,,,,,
101,85,110,60,,,,,,,,
110,18,128,87,,,,,,,,
56,113,165,135,,,,,,,,
28,196,20,,,,,,,,,
186,111,123,,,,,,,,,
30,32,,,,,,,,,,
32,56,46,75,182,,,,,,,
144,121,16,19,,,,,,,,
14,48,21,183,134,161,178,161,,,,
14,21,138,,,,,,,,,
116,11,49,42,118,,,,,,,
197,78,86,186,14,,,,,,,
141,101,29,46,15,117,,,,,,
67,187,111,163,177,,,,,,,
145,34,160,194,185,166,,,,,,
179,143,8,108,197,,,,,,,
179,143,8,108,,,,,,,,
117,6,195,120,117,,,,,,,
188,117,122,161,60,14,184,,,,,
87,134,116,18,86,1,,,,,,
195,13,141,72,,,,,,,,
151,146,,,,,,,,,,
26,160,88,,,,,,,,,
97,146,115,196,86,60,,,,,,
67,195,196,158,,,,,,,,
158,120,187,117,86,,,,,,,
158,120,86,12,49,,,,,,,
19,108,191,47,30,115,28,153,,,,
48,56,186,117,,,,,,,,
48,186,117,32,189,,,,,,,
39,161,132,199,161,,,,,,,
67,175,44,166,187,30,,,,,,
86,194,,,,,,,,,,
14,154,38,14,132,,,,,,,
132,177,143,,,,,,,,,
132,154,186,67,16,,,,,,,
163,161,13,187,138,,,,,,,
138,172,156,183,,,,,,,,
90,99,6,34,,,,,,,,
178,170,138,115,187,134,,,,,,
89,115,161,,,,,,,,,
93,166,194,125,101,110,30,,,,,
93,102,,,,,,,,,,
102,67,132,,,,,,,,,
67,196,112,104,74,,,,,,,
3,149,86,,,,,,,,,
170,181,108,136,91,,,,,,,
170,85,159,67,,,,,,,,
108,75,136,18,141,110,,,,,,
190,19,49,196,,,,,,,,
50,,,,,,,,,,,
67,141,4,,,,,,,,,
143,14,,,,,,,,,,
161,132,190,63,162,,,,,,,
60,,,,,,,,,,,
48,139,163,,,,,,,,,
129,166,,,,,,,,,,
132,186,144,,,,,,,,,
14,99,140,108,,,,,,,,
14,117,183,,,,,,,,,
67,186,170,0,,,,,,,,
44,,,,,,,,,,,
11,67,195,185,49,76,,,,,,
67,111,,,,,,,,,,
111,121,194,132,74,,,,,,,
8,26,192,116,,,,,,,,
49,50,184,,,,,,,,,
187,186,116,18,154,,,,,,,
118,19,122,26,,,,,,,,
4,26,131,,,,,,,,,
26,128,,,,,,,,,,
154,,,,,,,,,,,
37,,,,,,,,,,,
86,192,69,,,,,,,,,
19,170,85,,,,,,,,,
187,185,1,48,,,,,,,,
170,185,154,123,,,,,,,,
136,29,18,178,5,,,,,,,
29,5,186,94,18,77,186,49,123,154,13,
21,172,111,,,,,,,,,
111,152,187,196,158,83,,,,,,
10,162,,,,,,,,,,
60,39,147,121,178,,,,,,,
39,108,140,161,145,,,,,,,
161,160,86,151,,,,,,,,
118,86,16,,,,,,,,,
160,45,154,50,186,56,,,,,,
1,152,57,18,86,,,,,,,
136,37,18,166,190,181,76,,,,,
37,124,124,,,,,,,,,
146,,,,,,,,,,,
146,90,48,128,,,,,,,,
75,152,32,84,185,,,,,,,
91,86,161,64,,,,,,,,
158,19,110,145,,,,,,,,
99,4,152,43,,,,,,,,
4,84,117,18,90,,,,,,,
4,84,117,18,,,,,,,,
187,145,184,14,,,,,,,,
160,18,30,190,45,,,,,,,
18,30,162,136,93,135,,,,,,
32,33,56,56,,,,,,,,
56,23,123,163,195,,,,,,,
23,34,15,44,,,,,,,,
186,181,60,197,,,,,,,,
194,146,67,41,166,128,,,,,,
14,,,,,,,,,,,
170,3,67,163,,,,,,,,
67,135,141,158,,,,,,,,
6,116,57,,,,,,,,,
162,41,50,,,,,,,,,
41,172,84,,,,,,,,,
50,197,170,170,,,,,,,,
82,77,,,,,,,,,,
78,14,81,140,72,,,,,,,
39,49,187,32,121,,,,,,,
13,49,183,185,91,162,108,124,,,,
194,123,76,72,,,,,,,,
123,72,124,26,,,,,,,,
132,78,154,191,78,,,,,,,
111,186,99,170,,,,,,,,
111,101,186,115,56,,,,,,,
78,10,154,86,44,104,,,,,,
170,155,136,42,34,14,42,139,,,,
175,18,161,,,,,,,,,
180,136,94,4,85,73,,,,,,
180,132,14,144,137,102,63,,,,,
93,111,123,10,,,,,,,,
56,,,,,,,,,,,
140,121,111,14,110,161,,,,,,
4,100,,,,,,,,,,
44,103,,,,,,,,,,
39,123,,,,,,,,,,
124,46,29,178,170,,,,,,,
23,108,128,18,131,146,34,,,,,
128,99,179,196,,,,,,,,
111,48,56,,,,,,,,,
190,128,,,,,,,,,,
121,,,,,,,,,,,
188,,,,,,,,,,,
78,56,,,,,,,,,,
56,178,35,192,,,,,,,,
183,,,,,,,,,,,
195,6,123,91,,,,,,,,
107,41,199,6,,,,,,,,
124,144,,,,,,,,,,
67,114,,,,,,,,,,
114,188,152,136,63,,,,,,,
21,132,111,194,,,,,,,,
60,14,108,,,,,,,,,
60,148,67,123,89,,,,,,,
4,11,,,,,,,,,,
160,1,,,,,,,,,,
5,60,116,,,,,,,,,
110,81,100,166,63,110,,,,,,
110,194,48,,,,,,,,,
194,48,129,194,,,,,,,,
133,66,75,,,,,,,,,
37,131,143,,,,,,,,,
85,145,86,186,,,,,,,,
186,35,57,21,,,,,,,,
110,162,67,,,,,,,,,
60,101,88,34,,,,,,,,
116,185,,,,,,,,,,
117,44,,,,,,,,,,
19,192,185,,,,,,,,,
81,106,129,,,,,,,,,
181,153,94,,,,,,,,,
140,67,86,56,83,,,,,,,
86,83,14,161,56,,,,,,,
195,187,186,180,,,,,,,,
54,16,184,,,,,,,,,
144,147,160,112,72,,,,,,,
10,6,,,,,,,,,,
192,139,102,137,,,,,,,,
172,111,,,,,,,,,,
110,56,14,,,,,,,,,
194,143,94,15,161,,,,,,,
194,15,3,170,187,20,136,14,47,,,
136,67,131,49,110,,,,,,,
81,60,144,110,,,,,,,,
60,186,118,111,123,186,136,,,,,
42,14,44,194,186,,,,,,,
141,186,76,36,,,,,,,,
111,19,32,,,,,,,,,
32,26,0,4,,,,,,,,
26,108,28,,,,,,,,,
161,186,,,,,,,,,,
46,18,189,186,145,166,100,,,,,
34,185,28,199,117,,,,,,,
34,185,28,199,117,,,,,,,
169,78,186,,,,,,,,,
186,,,,,,,,,,,
118,124,111,67,56,57,,,,,,
140,192,,,,,,,,,,
164,160,,,,,,,,,,
12,86,87,,,,,,,,,
1,34,123,191,,,,,,,,
26,129,195,,,,,,,,,
14,193,47,,,,,,,,,
14,187,33,,,,,,,,,
32,124,44,,,,,,,,,
141,127,,,,,,,,,,
99,108,117,,,,,,,,,
60,134,,,,,,,,,,
84,99,61,110,,,,,,,,
77,194,113,12,86,,,,,,,
116,136,30,162,,,,,,,,
42,185,134,117,,,,,,,,
77,57,48,,,,,,,,,
32,115,55,162,146,,,,,,,
32,55,4,71,,,,,,,,
196,44,67,,,,,,,,,
48,31,92,42,166,26,,,,,,
143,30,91,189,197,16,,,,,,
100,,,,,,,,,,,
185,138,4,187,,,,,,,,
186,58,91,73,,,,,,,,
113,34,83,60,,,,,,,,
16,134,,,,,,,,,,
18,34,94,,,,,,,,,
123,183,18,146,,,,,,,,
60,64,49,153,,,,,,,,
60,90,186,170,4,,,,,,,
60,5,83,78,,,,,,,,
18,56,162,,,,,,,,,
162,143,134,108,32,60,,,,,,
14,58,161,78,,,,,,,,
14,,,,,,,,,,,
14,192,111,185,195,113,,,,,,
44,178,186,186,,,,,,,,
44,178,56,144,141,18,,,,,,
186,26,102,18,90,124,84,140,122,,,
98,166,112,90,,,,,,,,
90,72,30,56,96,,,,,,,
143,128,,,,,,,,,,
143,154,117,19,16,18,86,112,,,,
154,16,86,22,143,,,,,,,
67,184,195,91,35,,,,,,,
6,14,143,111,100,78,,,,,,
143,41,121,75,197,13,143,115,67,,,
113,132,102,,,,,,,,,
63,81,148,110,146,35,199,12,,,,
117,1,185,124,,,,,,,,
56,93,113,162,115,,,,,,,
115,152,179,,,,,,,,,
199,143,128,,,,,,,,,
125,97,172,86,76,154,141,162,188,,,
76,,,,,,,,,,,
2,90,46,108,14,186,105,37,,,,
190,187,120,,,,,,,,,
170,195,170,152,,,,,,,,
46,19,194,,,,,,,,,
194,108,5,136,,,,,,,,
170,18,125,,,,,,,,,
144,19,,,,,,,,,,
39,180,161,162,,,,,,,,
159,192,144,111,,,,,,,,
66,,,,,,,,,,,
66,111,141,68,141,188,,,,,,
141,141,25,123,,,,,,,,
138,57,16,163,,,,,,,,
153,56,,,,,,,,,,
135,162,140,,,,,,,,,
191,162,18,46,191,,,,,,,
34,0,131,,,,,,,,,
115,194,185,,,,,,,,,
102,185,20,146,66,,,,,,,
16,4,16,4,78,5,21,,,,,
29,19,117,132,154,195,,,,,,
89,42,11,161,,,,,,,,
154,136,151,194,141,76,19,,,,,
38,78,56,93,106,,,,,,,
188,37,,,,,,,,,,
141,117,28,147,184,,,,,,,
141,117,28,147,184,90,185,,,,,
90,41,38,0,26,,,,,,,
67,30,190,191,,,,,,,,
21,111,32,161,,,,,,,,
6,132,56,,,,,,,,,
56,23,,,,,,,,,,
170,161,162,141,162,177,186,59,124,,,
144,19,187,,,,,,,,,
86,16,18,,,,,,,,,
124,99,88,146,161,161,18,,,,,
18,14,185,68,132,,,,,,,
18,185,112,128,,,,,,,,
118,179,,,,,,,,,,
136,43,126,160,60,,,,,,,
136,43,126,160,60,,,,,,,
136,43,1,30,102,,,,,,,
187,154,18,131,186,,,,,,,
143,147,,,,,,,,,,
131,47,19,34,199,44,185,132,161,,,
185,100,121,,,,,,,,,
4,76,76,,,,,,,,,
4,76,122,136,132,,,,,,,
161,194,16,14,,,,,,,,
144,122,141,116,,,,,,,,
196,60,60,110,123,67,53,,,,,
172,116,144,184,,,,,,,,
46,69,99,194,,,,,,,,
69,60,161,48,49,,,,,,,
11,194,115,,,,,,,,,
43,186,93,,,,,,,,,
93,108,195,56,,,,,,,,
146,38,,,,,,,,,,
38,16,70,138,,,,,,,,
28,188,127,,,,,,,,,
147,21,,,,,,,,,,
16,158,163,,,,,,,,,
70,100,34,,,,,,,,,
52,99,159,30,147,60,,,,,,
159,147,60,18,23,,,,,,,
16,86,194,,,,,,,,,
145,,,,,,,,,,,
43,14,194,20,160,12,,,,,,
108,162,67,35,,,,,,,,
108,67,35,78,,,,,,,,
136,196,86,60,,,,,,,,
190,136,48,158,86,38,181,170,117,,,
144,87,1,,,,,,,,,
188,32,161,78,15,146,85,,,,,
195,111,47,8,15,100,,,,,,
166,124,160,,,,,,,,,
115,135,6,,,,,,,,,
18,141,97,187,,,,,,,,
117,190,18,,,,,,,,,
48,,,,,,,,,,,
48,182,44,16,134,,,,,,,
197,110,78,195,39,123,61,,,,,
197,123,150,20,18,,,,,,,
38,11,191,31,68,,,,,,,
18,,,,,,,,,,,
141,197,87,57,,,,,,,,
148,121,6,117,8,,,,,,,
121,115,155,129,138,14,,,,,,
14,14,28,,,,,,,,,
132,70,,,,,,,,,,
42,147,2,141,,,,,,,,
123,90,162,6,,,,,,,,
11,38,101,131,49,,,,,,,
85,19,181,105,1,,,,,,,
117,186,81,,,,,,,,,
117,186,81,,,,,,,,,
186,196,108,196,185,19,,,,,,
152,101,87,,,,,,,,,
152,101,86,,,,,,,,,
77,72,142,56,12,154,76,,,,,
72,60,31,158,111,123,,,,,,
72,11,195,170,,,,,,,,
72,67,60,,,,,,,,,
39,12,186,,,,,,,,,
158,141,185,,,,,,,,,
8,19,143,18,,,,,,,,
123,123,,,,,,,,,,
19,119,142,,,,,,,,,
56,67,,,,,,,,,,
110,177,170,15,53,,,,,,,
162,110,192,6,,,,,,,,
136,113,,,,,,,,,,
190,152,0,16,144,,,,,,,
16,190,72,,,,,,,,,
72,143,11,116,,,,,,,,
72,143,116,189,56,101,,,,,,
117,14,111,,,,,,,,,
193,187,86,199,1,,,,,,,
192,187,46,81,,,,,,,,
123,16,159,110,,,,,,,,
14,,,,,,,,,,,
186,116,195,194,19,,,,,,,
190,30,112,132,75,,,,,,,
119,108,,,,,,,,,,
147,19,149,47,56,,,,,,,
142,,,,,,,,,,,
142,110,128,87,142,108,,,,,,
1,72,132,,,,,,,,,
117,112,152,,,,,,,,,
26,180,,,,,,,,,,
30,87,187,56,190,,,,,,,
20,18,,,,,,,,,,
20,18,146,46,137,,,,,,,
137,108,46,20,,,,,,,,
108,18,,,,,,,,,,
108,192,170,70,,,,,,,,
34,,,,,,,,,,,
185,,,,,,,,,,,
185,56,163,144,121,,,,,,,
185,78,,,,,,,,,,
14,111,38,175,,,,,,,,
14,,,,,,,,,,,
91,48,161,191,147,,,,,,,
91,48,161,191,147,162,,,,,,
147,19,11,,,,,,,,,
140,117,78,170,,,,,,,,
170,124,,,,,,,,,,
144,183,180,6,192,143,,,,,,
79,170,6,12,141,,,,,,,
60,,,,,,,,,,,
152,93,191,146,,,,,,,,
78,6,90,102,145,14,,,,,,
68,44,,,,,,,,,,
199,78,161,139,,,,,,,,
162,108,87,100,,,,,,,,
49,32,190,172,35,,,,,,,
190,79,179,88,183,,,,,,,
47,124,86,184,,,,,,,,
18,,,,,,,,,,,
48,115,183,67,,,,,,,,
66,170,,,,,,,,,,
85,155,151,,,,,,,,,
85,154,195,118,,,,,,,,
194,12,108,,,,,,,,,
187,170,,,,,,,,,,
28,,,,,,,,,,,
6,21,113,158,99,14,,,,,,
116,16,,,,,,,,,,
34,166,186,121,170,186,159,190,67,,,
166,123,,,,,,,,,,
166,56,30,,,,,,,,,
166,191,194,195,,,,,,,,
195,148,172,81,,,,,,,,
36,49,167,,,,,,,,,
36,49,167,37,56,154,88,,,,,
36,167,,,,,,,,,,
36,198,34,141,,,,,,,,
16,108,,,,,,,,,,
74,103,144,,,,,,,,,
74,117,120,149,16,,,,,,,
16,86,198,,,,,,,,,
82,4,108,,,,,,,,,
82,11,,,,,,,,,,
18,18,,,,,,,,,,
18,24,19,,,,,,,,,
140,6,18,145,154,,,,,,,
154,87,,,,,,,,,,
4,143,,,,,,,,,,
4,111,141,35,,,,,,,,
187,161,195,,,,,,,,,
14,39,19,108,,,,,,,,
1,99,28,34,,,,,,,,
43,72,135,152,181,,,,,,,
124,,,,,,,,,,,
56,154,145,191,,,,,,,,
108,67,172,102,94,,,,,,,
49,77,70,18,2,149,,,,,,
167,123,3,110,92,26,,,,,,
14,162,,,,,,,,,,
108,68,137,170,,,,,,,,
18,85,57,60,188,152,,,,,,
188,87,191,141,,,,,,,,
103,50,141,141,76,141,32,,,,,
32,194,30,99,,,,,,,,
191,186,19,,,,,,,,,
191,83,125,42,111,138,91,,,,,
125,91,117,6,60,,,,,,,
6,166,144,,,,,,,,,
160,93,103,102,187,154,196,,,,,
110,172,117,99,162,,,,,,,
187,56,141,123,,,,,,,,
187,56,110,93,,,,,,,,
170,87,67,,,,,,,,,
67,195,56,172,,,,,,,,
1,161,,,,,,,,,,
1,161,194,18,131,,,,,,,
21,32,188,,,,,,,,,
170,190,67,12,,,,,,,,
46,75,187,,,,,,,,,
90,111,,,,,,,,,,
12,184,56,,,,,,,,,
158,87,100,97,60,,,,,,,
2,42,134,123,,,,,,,,
42,26,132,6,38,160,119,167,154,110,,
34,14,147,19,,,,,,,,
147,161,,,,,,,,,,
18,194,39,46,57,18,168,146,162,,,
188,162,51,,,,,,,,,
154,44,,,,,,,,,,
184,194,187,131,,,,,,,,
49,194,63,111,,,,,,,,
91,194,123,152,,,,,,,,
21,89,11,18,161,,,,,,,
37,151,123,8,,,,,,,,
170,67,,,,,,,,,,
170,143,,,,,,,,,,
56,,,,,,,,,,,
41,186,147,161,60,50,146,,,,,
24,190,161,,,,,,,,,
161,158,,,,,,,,,,
56,99,110,,,,,,,,,
6,65,1,,,,,,,,,
6,1,118,45,,,,,,,,
1,118,45,,,,,,,,,
118,77,19,30,,,,,,,,
169,158,122,111,49,111,,,,,,
161,170,14,,,,,,,,,
114,186,141,190,,,,,,,,
114,136,,,,,,,,,,
168,97,153,181,49,,,,,,,
49,68,3,110,,,,,,,,
194,19,26,,,,,,,,,
56,132,,,,,,,,,,
118,187,185,60,,,,,,,,
118,65,34,103,170,,,,,,,
111,101,148,,,,,,,,,
111,101,148,86,161,,,,,,,
14,74,149,,,,,,,,,
195,97,37,162,19,,,,,,,
75,84,191,136,132,194,,,,,,
170,144,75,129,44,,,,,,,
72,92,,,,,,,,,,
66,,,,,,,,,,,
66,86,185,18,19,41,42,,,,,
146,191,1,50,111,38,,,,,,
191,111,38,1,70,102,4,146,,,,
102,185,186,127,,,,,,,,
102,185,186,127,,,,,,,,
137,162,,,,,,,,,,
166,185,,,,,,,,,,
146,162,48,191,30,57,3,72,,,,
26,108,195,18,90,,,,,,,
78,136,86,185,186,108,84,19,,,,
184,30,154,50,28,,,,,,,
128,146,103,136,,,,,,,,
185,141,35,147,,,,,,,,
141,56,111,12,187,102,,,,,,
39,43,,,,,,,,,,
94,117,185,35,10,,,,,,,
185,35,86,154,5,102,28,54,101,28,,
141,146,178,100,,,,,,,,
147,170,76,,,,,,,,,
48,88,,,,,,,,,,
12,47,117,122,,,,,,,,
168,111,74,,,,,,,,,
166,90,,,,,,,,,,
119,116,21,3,,,,,,,,
116,75,38,20,188,191,,,,,,
132,108,56,198,,,,,,,,
5,42,78,,,,,,,,,
56,98,,,,,,,,,,
89,168,170,88,0,,,,,,,
138,161,,,,,,,,,,
187,14,111,42,132,,,,,,,
94,152,99,14,190,,,,,,,
141,,,,,,,,,,,
141,154,21,154,,,,,,,,
170,115,1,187,,,,,,,,
138,154,18,,,,,,,,,
35,35,70,1,123,34,30,,,,,
6,189,197,34,147,162,166,110,,,,
123,,,,,,,,,,,
123,34,108,14,,,,,,,,
0,160,,,,,,,,,,
160,,,,,,,,,,,
72,30,166,44,136,,,,,,,
66,186,143,,,,,,,,,
144,48,195,,,,,,,,,
99,74,34,,,,,,,,,
30,13,26,189,195,,,,,,,
181,67,186,,,,,,,,,
98,,,,,,,,,,,
98,4,16,34,189,194,,,,,,
73,183,,,,,,,,,,
56,48,189,136,147,,,,,,,
136,136,76,,,,,,,,,
136,136,76,39,65,49,113,97,,,,
131,30,6,125,16,28,,,,,,
20,14,141,185,,,,,,,,
91,195,34,113,,,,,,,,
136,19,77,,,,,,,,,
78,6,111,140,15,,,,,,,
78,111,15,44,,,,,,,,
6,68,163,56,,,,,,,,
68,188,159,111,,,,,,,,
125,125,144,18,,,,,,,,
188,195,,,,,,,,,,
18,24,161,,,,,,,,,
15,152,48,14,46,,,,,,,
108,3,186,146,14,56,,,,,,
177,190,116,18,,,,,,,,
34,186,,,,,,,,,,
37,,,,,,,,,,,
34,28,170,192,181,,,,,,,
87,49,67,31,70,,,,,,,
194,90,86,,,,,,,,,
97,170,182,,,,,,,,,
67,,,,,,,,,,,
194,91,192,,,,,,,,,
134,162,198,190,19,,,,,,,
19,57,94,42,34,44,3,132,,,,
88,35,12,114,,,,,,,,
143,78,185,195,186,178,4,188,,,,
54,66,50,,,,,,,,,
54,66,50,18,187,129,68,13,,,,
185,136,78,31,161,,,,,,,
42,44,132,,,,,,,,,
121,154,,,,,,,,,,
10,60,10,16,35,21,24,,,,,
60,10,24,32,190,111,,,,,,
60,10,32,190,111,,,,,,,
19,117,32,,,,,,,,,
19,117,32,166,1,187,190,141,108,,,
192,172,186,132,15,149,,,,,,
172,100,67,60,,,,,,,,
26,135,5,34,,,,,,,,
135,44,42,18,,,,,,,,
42,18,,,,,,,,,,
42,56,125,115,,,,,,,,
156,,,,,,,,,,,
48,116,57,70,,,,,,,,
161,85,77,186,,,,,,,,
77,90,100,131,,,,,,,,
191,134,112,,,,,,,,,
141,145,4,123,,,,,,,,
4,162,102,140,,,,,,,,
140,135,186,,,,,,,,,
178,170,1,56,190,166,0,,,,,
167,56,141,,,,,,,,,
117,136,185,,,,,,,,,
194,72,99,15,87,,,,,,,
117,194,121,186,162,129,,,,,,
13,161,195,,,,,,,,,
188,123,86,184,138,32,56,,,,,
136,14,184,,,,,,,,,
14,,,,,,,,,,,
189,0,43,,,,,,,,,
189,28,102,4,,,,,,,,
189,28,102,6,165,26,,,,,,
26,183,14,56,98,,,,,,,
170,42,120,,,,,,,,,
5,161,60,88,67,,,,,,,
137,,,,,,,,,,,
19,186,18,,,,,,,,,
19,16,161,162,,,,,,,,
161,177,5,1,,,,,,,,
1,150,,,,,,,,,,
1,32,47,191,60,,,,,,,
32,191,194,111,181,,,,,,,
194,188,161,147,91,,,,,,,
186,132,18,,,,,,,,,
19,170,136,145,137,,,,,,,
145,100,25,6,111,97,123,46,,,,
12,191,186,184,12,,,,,,,
186,56,44,,,,,,,,,
29,,,,,,,,,,,
34,194,186,186,144,14,,,,,,
14,108,166,178,,,,,,,,
136,98,18,186,,,,,,,,
76,110,160,,,,,,,,,
134,18,11,,,,,,,,,
129,143,60,,,,,,,,,
185,170,172,154,1,94,,,,,,
194,111,191,185,,,,,,,,
152,124,122,,,,,,,,,
146,191,184,42,190,,,,,,,
187,194,,,,,,,,,,
23,185,108,99,,,,,,,,
184,78,42,186,51,,,,,,,
51,43,,,,,,,,,,
111,81,189,,,,,,,,,
81,189,135,12,32,117,,,,,,
81,117,86,170,56,,,,,,,
60,186,39,,,,,,,,,
186,39,66,162,146,34,162,,,,,
108,113,172,178,134,6,,,,,,
195,132,110,,,,,,,,,
195,132,110,72,152,199,2,190,54,116,67,74
42,152,89,117,,,,,,,,
89,140,4,144,,,,,,,,
180,177,147,110,186,117,,,,,,
186,6,19,,,,,,,,,
186,144,,,,,,,,,,
144,161,,,,,,,,,,
116,194,72,117,117,,,,,,,
49,68,67,72,,,,,,,,
56,119,72,,,,,,,,,
192,47,91,192,110,111,186,,,,,
141,141,194,,,,,,,,,
194,152,48,72,32,,,,,,,
48,67,88,49,162,147,,,,,,
161,124,115,,,,,,,,,
117,163,146,102,18,,,,,,,
15,118,,,,,,,,,,
137,162,16,,,,,,,,,
137,60,,,,,,,,,,
16,184,183,112,140,196,,,,,,
31,123,141,160,56,,,,,,,
117,121,86,195,170,161,,,,,,
117,121,33,,,,,,,,,
121,154,172,67,,,,,,,,
81,185,57,1,,,,,,,,
188,56,35,116,116,,,,,,,
72,16,112,141,,,,,,,,
170,61,11,,,,,,,,,
166,35,32,60,,,,,,,,
166,56,144,194,32,,,,,,,
141,118,26,63,146,,,,,,,
26,186,110,139,186,,,,,,,
186,110,139,186,,,,,,,,
39,186,34,,,,,,,,,
39,34,,,,,,,,,,
193,138,,,,,,,,,,
18,,,,,,,,,,,
152,,,,,,,,,,,
41,86,111,108,163,,,,,,,
161,47,0,,,,,,,,,
16,123,39,67,,,,,,,,
172,4,147,134,115,91,194,99,,,,
172,91,99,175,6,86,,,,,,
34,94,,,,,,,,,,
18,91,7,182,97,,,,,,,
195,119,117,186,,,,,,,,
141,162,108,,,,,,,,,
38,185,60,16,164,,,,,,,
15,188,186,,,,,,,,,
196,135,172,,,,,,,,,
196,150,141,4,102,,,,,,,
196,194,,,,,,,,,,
196,160,190,103,,,,,,,,
160,60,,,,,,,,,,
15,14,,,,,,,,,,
139,124,12,14,196,,,,,,,
14,158,,,,,,,,,,
164,161,38,31,149,,,,,,,
161,177,117,0,63,154,,,,,,
161,117,63,167,57,35,,,,,,
56,170,,,,,,,,,,
90,30,,,,,,,,,,
79,141,68,38,170,123,86,,,,,
117,166,,,,,,,,,,
102,117,6,125,67,,,,,,,
102,125,67,30,42,161,,,,,,
67,166,67,170,72,115,,,,,,
144,,,,,,,,,,,
144,122,86,86,183,,,,,,,
49,187,47,42,24,57,14,,,,,
102,141,67,,,,,,,,,
67,170,28,141,,,,,,,,
81,189,124,111,,,,,,,,
88,81,154,,,,,,,,,
154,6,,,,,,,,,,
190,159,,,,,,,,,,
181,86,111,192,,,,,,,,
49,191,,,,,,,,,,
98,118,143,,,,,,,,,
103,197,,,,,,,,,,
197,140,8,160,,,,,,,,
66,78,,,,,,,,,,
66,161,115,,,,,,,,,
102,111,,,,,,,,,,
47,141,143,121,,,,,,,,
143,121,185,144,143,124,,,,,,
39,146,155,166,,,,,,,,
52,140,128,60,187,78,,,,,,
78,18,26,149,,,,,,,,
186,137,56,112,,,,,,,,
29,170,,,,,,,,,,
34,47,37,199,,,,,,,,
103,147,16,101,37,18,,,,,,
14,,,,,,,,,,,
14,45,94,112,,,,,,,,
183,11,11,110,41,199,,,,,,
183,11,67,102,87,,,,,,,
121,31,152,57,,,,,,,,
155,118,41,3,,,,,,,,
1,194,194,155,,,,,,,,
26,194,66,26,,,,,,,,
4,147,166,,,,,,,,,
34,52,185,25,70,,,,,,,
34,14,37,48,6,,,,,,,
34,37,56,,,,,,,,,
37,56,132,67,,,,,,,,
154,86,116,,,,,,,,,
19,72,161,113,188,14,,,,,,
72,14,57,14,,,,,,,,
72,163,90,86,19,,,,,,,
19,187,2,68,167,,,,,,,
120,16,34,14,191,91,,,,,,
18,74,2,14,,,,,,,,
18,2,32,,,,,,,,,
117,123,72,163,186,118,,,,,,
67,129,159,,,,,,,,,
159,47,77,57,143,,,,,,,
186,34,186,190,,,,,,,,
154,170,,,,,,,,,,
154,186,122,0,,,,,,,,
122,144,195,72,124,,,,,,,
144,141,170,,,,,,,,,
190,90,141,,,,,,,,,
190,90,189,70,,,,,,,,
3,6,147,63,66,186,11,,,,,
99,19,192,166,,,,,,,,
177,170,,,,,,,,,,
170,108,,,,,,,,,,
108,115,63,60,,,,,,,,
195,30,11,,,,,,,,,
30,11,72,32,97,14,,,,,,
44,119,102,,,,,,,,,
162,28,111,,,,,,,,,
199,10,86,181,41,,,,,,,
161,178,14,,,,,,,,,
161,119,162,93,31,60,,,,,,
186,100,,,,,,,,,,
86,145,163,94,44,,,,,,,
108,91,188,,,,,,,,,
91,152,56,170,,,,,,,,
163,163,16,75,99,,,,,,,
41,38,19,186,14,,,,,,,
20,186,69,69,,,,,,,,
20,,,,,,,,,,,
56,185,49,,,,,,,,,
162,186,124,,,,,,,,,
194,175,,,,,,,,,,
194,47,24,194,56,189,,,,,,
56,189,168,,,,,,,,,
103,26,115,18,138,,,,,,,
170,5,34,132,93,,,,,,,
34,132,175,124,21,0,98,,,,,
123,140,194,72,46,161,,,,,,
46,170,166,,,,,,,,,
166,161,101,185,,,,,,,,
103,102,150,,,,,,,,,
87,110,24,173,161,,,,,,,
60,14,38,78,,,,,,,,
30,56,170,,,,,,,,,
20,,,,,,,,,,,
117,170,102,90,136,190,,,,,,
170,141,111,141,152,,,,,,,
170,141,111,141,152,186,163,,,,,
2,139,156,108,184,,,,,,,
108,75,1,194,86,12,,,,,,
12,166,34,,,,,,,,,
34,30,18,,,,,,,,,
30,88,113,125,164,3,60,,,,,
72,170,191,48,135,187,,,,,,
110,,,,,,,,,,,
136,117,77,108,8,,,,,,,
142,178,73,,,,,,,,,
8,81,4,,,,,,,,,
170,24,28,146,56,,,,,,,
178,135,102,170,86,153,56,,,,,
49,179,184,170,,,,,,,,
186,46,48,125,,,,,,,,
186,46,48,125,19,183,18,,,,,
140,,,,,,,,,,,
56,21,87,0,8,37,,,,,,
101,34,134,30,190,,,,,,,
149,117,184,56,,,,,,,,
155,111,,,,,,,,,,
38,49,30,,,,,,,,,
38,102,18,44,,,,,,,,
30,134,123,99,,,,,,,,
24,186,46,6,191,,,,,,,
162,186,2,,,,,,,,,
188,134,170,,,,,,,,,
134,170,121,139,12,37,,,,,,
76,19,196,20,,,,,,,,
14,83,0,47,67,,,,,,,
162,18,160,,,,,,,,,
123,136,108,,,,,,,,,
136,108,186,,,,,,,,,
170,185,,,,,,,,,,
30,16,129,116,,,,,,,,
30,16,129,116,135,123,146,,,,,
103,118,177,0,14,,,,,,,
14,173,45,141,,,,,,,,
16,98,195,194,107,,,,,,,
132,,,,,,,,,,,
111,88,124,143,102,,,,,,,
111,143,120,77,67,124,,,,,,
194,162,143,144,85,141,59,,,,,
86,123,56,,,,,,,,,
18,16,1,158,,,,,,,,
189,131,19,49,,,,,,,,
166,141,97,94,,,,,,,,
192,38,177,,,,,,,,,
38,6,72,143,21,,,,,,,
143,43,102,,,,,,,,,
110,18,187,28,,,,,,,,
49,72,106,190,163,,,,,,,
163,14,46,149,111,192,,,,,,
86,162,145,185,108,93,,,,,,
146,6,160,46,,,,,,,,
146,46,115,23,140,91,,,,,,
115,56,56,,,,,,,,,
115,56,148,194,154,189,29,,,,,
56,154,6,162,194,138,,,,,,
14,170,124,131,,,,,,,,
63,187,57,75,,,,,,,,
56,49,139,,,,,,,,,
49,132,56,,,,,,,,,
32,167,,,,,,,,,,
104,44,168,60,115,60,,,,,,
20,183,87,,,,,,,,,
161,147,18,75,166,,,,,,,
99,170,190,,,,,,,,,
107,170,60,,,,,,,,,
60,170,107,49,19,,,,,,,
170,107,57,90,97,,,,,,,
144,,,,,,,,,,,
86,56,187,183,116,124,,,,,,
86,1,185,179,196,0,,,,,,
119,194,84,168,56,,,,,,,
30,44,34,30,102,2,,,,,,
38,,,,,,,,,,,
185,137,185,,,,,,,,,
185,186,124,50,108,,,,,,,
56,143,,,,,,,,,,
143,76,,,,,,,,,,
15,,,,,,,,,,,
186,,,,,,,,,,,
186,34,152,178,199,29,,,,,,
46,162,192,,,,,,,,,
137,186,19,,,,,,,,,
19,50,100,184,111,,,,,,,
156,170,3,60,,,,,,,,
90,132,146,43,,,,,,,,
131,185,162,151,,,,,,,,
131,162,151,49,30,,,,,,,
192,108,108,101,98,85,170,60,,,,
67,6,146,,,,,,,,,
146,194,,,,,,,,,,
26,57,117,123,14,30,11,,,,,
31,189,185,,,,,,,,,
185,57,161,44,194,,,,,,,
0,118,123,111,12,134,,,,,,
102,170,132,98,,,,,,,,
190,179,146,86,,,,,,,,
123,190,135,154,,,,,,,,
6,1,67,140,170,,,,,,,
140,67,185,,,,,,,,,
25,111,158,60,,,,,,,,
19,135,,,,,,,,,,
196,154,185,195,101,,,,,,,
187,56,,,,,,,,,,
81,162,110,,,,,,,,,
60,14,,,,,,,,,,
189,98,87,,,,,,,,,
189,154,,,,,,,,,,
75,18,152,4,145,78,108,,,,,
160,139,185,1,14,46,6,,,,,
67,139,,,,,,,,,,
102,161,189,43,114,86,112,,,,,
39,,,,,,,,,,,
152,179,111,76,83,,,,,,,
6,186,149,,,,,,,,,
6,186,57,,,,,,,,,
118,186,117,117,,,,,,,,
117,111,,,,,,,,,,
117,111,105,152,186,154,67,161,43,,,
196,136,195,161,134,,,,,,,
85,143,152,187,171,,,,,,,
190,66,2,163,30,190,,,,,,
86,43,178,94,,,,,,,,
72,,,,,,,,,,,
1,140,170,,,,,,,,,
1,170,38,183,81,97,13,,,,,
91,141,67,136,60,,,,,,,
60,46,5,,,,,,,,,
24,1,72,67,,,,,,,,
24,1,72,2,67,110,,,,,,
170,87,24,84,6,190,186,,,,,
116,108,147,16,,,,,,,,
90,20,190,98,23,,,,,,,
188,46,124,,,,,,,,,
34,63,14,,,,,,,,,
129,6,152,163,39,42,18,,,,,
18,194,40,97,162,,,,,,,
97,78,192,100,,,,,,,,
183,152,99,67,162,119,,,,,,
132,69,186,34,,,,,,,,
29,146,,,,,,,,,,
186,162,,,,,,,,,,
186,162,121,76,10,,,,,,,
189,12,9,60,149,6,,,,,,
32,170,,,,,,,,,,
156,184,128,123,113,,,,,,,
5,116,111,102,49,,,,,,,
108,161,,,,,,,,,,
108,161,189,29,,,,,,,,
29,72,143,187,183,,,,,,,
1,14,170,50,,,,,,,,
185,21,44,21,60,86,,,,,,
162,59,48,,,,,,,,,
190,162,90,,,,,,,,,
86,16,,,,,,,,,,
16,64,2,93,,,,,,,,
154,72,,,,,,,,,,
72,143,,,,,,,,,,
72,170,83,86,,,,,,,,
189,125,,,,,,,,,,
60,185,159,100,56,,,,,,,
162,160,110,115,120,,,,,,,
120,21,,,,,,,,,,
75,99,60,,,,,,,,,
8,154,102,84,116,195,,,,,,
184,185,142,69,148,71,,,,,,
184,71,170,111,83,34,18,,,,,
111,6,60,118,,,,,,,,
118,154,3,170,,,,,,,,
160,56,34,87,,,,,,,,
186,62,121,,,,,,,,,
158,161,139,63,137,,,,,,,
120,124,,,,,,,,,,
117,154,164,153,101,,,,,,,
147,39,76,116,28,91,,,,,,
47,30,46,100,186,,,,,,,
161,97,76,196,118,,,,,,,
8,146,124,161,29,,,,,,,
167,19,28,187,,,,,,,,
167,108,23,4,60,39,86,110,,,,
39,151,90,146,,,,,,,,
60,121,38,141,,,,,,,,
3,48,4,152,120,,,,,,,
1,194,191,,,,,,,,,
72,87,141,11,72,158,16,,,,,
60,,,,,,,,,,,
136,66,145,70,,,,,,,,
146,139,34,,,,,,,,,
146,139,34,186,,,,,,,,
187,30,,,,,,,,,,
195,102,20,,,,,,,,,
123,186,192,99,26,,,,,,,
86,74,175,,,,,,,,,
74,175,,,,,,,,,,
194,141,141,141,131,,,,,,,
131,44,70,122,,,,,,,,
21,34,51,175,108,1,,,,,,
1,86,90,,,,,,,,,
6,124,190,,,,,,,,,
41,46,57,90,,,,,,,,
47,190,79,117,197,,,,,,,
121,30,60,,,,,,,,,
26,14,111,40,18,,,,,,,
121,77,78,41,,,,,,,,
146,134,146,,,,,,,,,
42,47,163,47,,,,,,,,
42,162,191,56,166,121,193,154,,,,
63,11,75,116,144,,,,,,,
108,134,8,152,,,,,,,,
134,152,6,83,12,15,,,,,,
81,158,,,,,,,,,,
34,186,99,,,,,,,,,
167,162,30,123,128,,,,,,,
123,18,138,,,,,,,,,
170,15,184,63,,,,,,,,
103,21,,,,,,,,,,
3,16,44,,,,,,,,,
16,44,141,30,87,67,,,,,,
14,165,26,40,,,,,,,,
40,100,179,97,86,108,152,,,,,
6,75,166,89,,,,,,,,
16,143,28,67,131,152,,,,,,
141,98,4,,,,,,,,,
41,41,28,115,,,,,,,,
46,136,67,67,44,,,,,,,
110,44,,,,,,,,,,
110,44,6,86,18,,,,,,,
163,,,,,,,,,,,
163,39,57,185,6,,,,,,,
163,39,30,151,,,,,,,,
39,85,44,123,113,70,,,,,,
179,,,,,,,,,,,
188,1,30,67,102,,,,,,,
195,50,186,48,,,,,,,,
159,189,18,76,136,,,,,,,
76,175,,,,,,,,,,
41,151,159,,,,,,,,,
187,108,15,28,,,,,,,,
67,192,79,,,,,,,,,
34,161,34,75,67,115,,,,,,
75,187,18,34,154,144,117,,,,,
179,146,163,94,,,,,,,,
94,172,116,153,194,65,170,,,,,
116,34,110,,,,,,,,,
192,23,,,,,,,,,,
18,117,152,166,20,6,,,,,,
67,170,37,178,,,,,,,,
141,32,116,184,6,,,,,,,
48,87,,,,,,,,,,
124,191,186,118,185,3,134,,,,,
19,123,39,108,170,67,,,,,,
19,123,39,170,67,86,108,,,,,
19,123,,,,,,,,,,
181,26,136,93,173,86,181,,,,,
179,161,,,,,,,,,,
127,25,85,,,,,,,,,
49,67,113,70,,,,,,,,
195,199,143,,,,,,,,,
188,177,60,146,140,,,,,,,
63,186,60,,,,,,,,,
66,162,116,146,179,46,,,,,,
166,18,161,161,,,,,,,,
170,132,39,18,,,,,,,,
141,26,37,42,83,,,,,,,
134,116,162,124,108,,,,,,,
3,56,194,170,,,,,,,,
67,,,,,,,,,,,
90,99,117,,,,,,,,,
104,93,161,112,,,,,,,,
49,196,188,186,88,,,,,,,
38,85,18,140,,,,,,,,
91,161,152,66,81,185,1,,,,,
66,81,77,31,90,108,,,,,,
128,49,10,,,,,,,,,
49,185,113,138,,,,,,,,
128,30,26,,,,,,,,,
186,,,,,,,,,,,
186,112,146,,,,,,,,,
186,112,146,122,167,1,19,20,154,38,,
146,194,14,,,,,,,,,
194,108,35,,,,,,,,,
146,191,136,,,,,,,,,
189,187,,,,,,,,,,
2,56,68,56,,,,,,,,
125,186,,,,,,,,,,
111,141,,,,,,,,,,
108,183,,,,,,,,,,
185,170,39,,,,,,,,,
185,111,90,194,185,34,,,,,,
111,38,46,100,192,44,,,,,,
102,31,100,14,14,163,,,,,,
18,117,172,56,,,,,,,,
195,113,11,32,142,134,,,,,,
75,151,191,111,152,,,,,,,
87,103,122,12,88,,,,,,,
118,,,,,,,,,,,
150,161,170,183,46,,,,,,,
114,21,91,,,,,,,,,
121,99,54,99,117,70,,,,,,
186,76,187,134,48,,,,,,,
185,186,187,,,,,,,,,
39,99,,,,,,,,,,
39,13,186,,,,,,,,,
23,94,0,,,,,,,,,
4,86,16,72,163,85,128,,,,,
185,188,115,121,14,,,,,,,
67,1,143,,,,,,,,,
186,4,84,26,74,108,56,123,,,,
110,161,,,,,,,,,,
57,189,177,,,,,,,,,
177,199,,,,,,,,,,
177,199,14,,,,,,,,,
10,86,67,98,154,,,,,,,
170,6,91,72,110,,,,,,,
15,108,75,32,101,,,,,,,
91,131,108,111,108,170,,,,,,
111,152,41,116,,,,,,,,
111,41,116,124,,,,,,,,
111,41,116,124,19,,,,,,,
131,188,,,,,,,,,,
188,5,197,,,,,,,,,
152,170,186,86,,,,,,,,
18,170,90,14,120,23,110,,,,,
188,139,84,111,134,185,183,34,154,,,
30,42,186,,,,,,,,,
178,14,,,,,,,,,,
163,187,30,30,,,,,,,,
141,172,56,181,25,,,,,,,
86,143,44,162,78,111,128,,,,,
183,31,195,,,,,,,,,
48,99,181,154,86,,,,,,,
48,186,67,,,,,,,,,
132,,,,,,,,,,,
76,131,,,,,,,,,,
102,1,,,,,,,,,,
15,161,,,,,,,,,,
184,56,,,,,,,,,,
75,181,,,,,,,,,,
75,34,141,,,,,,,,,
113,88,,,,,,,,,,
88,0,67,94,,,,,,,,
108,159,,,,,,,,,,
143,121,141,4,100,183,147,,,,,
42,199,,,,,,,,,,
199,91,136,60,94,,,,,,,
19,170,132,,,,,,,,,
190,146,,,,,,,,,,
15,4,117,,,,,,,,,
30,141,,,,,,,,,,
62,3,141,,,,,,,,,
162,34,,,,,,,,,,
56,14,,,,,,,,,,
111,85,,,,,,,,,,
115,196,,,,,,,,,,
132,162,135,,,,,,,,,
33,,,,,,,,,,,
33,91,139,138,,,,,,,,
75,142,115,54,188,18,,,,,,
44,144,18,129,128,91,,,,,,
175,30,,,,,,,,,,
5,21,121,,,,,,,,,
78,120,187,,,,,,,,,
111,18,,,,,,,,,,
18,161,28,185,,,,,,,,
108,143,34,169,,,,,,,,
183,60,117,192,163,26,34,,,,,
60,129,147,180,,,,,,,,
161,,,,,,,,,,,
26,174,170,16,163,,,,,,,
196,,,,,,,,,,,
186,12,,,,,,,,,,
186,54,195,160,,,,,,,,
186,141,170,18,,,,,,,,
14,105,143,32,,,,,,,,
50,90,,,,,,,,,,
91,117,,,,,,,,,,
1,179,5,187,38,,,,,,,
54,185,,,,,,,,,,
48,6,49,116,56,0,,,,,,
18,188,60,,,,,,,,,
60,67,63,190,185,56,,,,,,
63,91,186,,,,,,,,,
29,42,195,111,179,47,1,,,,,
56,196,162,,,,,,,,,
147,16,18,21,117,110,,,,,,
24,195,164,,,,,,,,,
24,164,32,6,170,137,,,,,,
42,56,123,34,42,,,,,,,
76,33,,,,,,,,,,
18,76,67,78,132,137,,,,,,
15,31,87,123,117,57,19,190,,,,
123,117,132,181,,,,,,,,
163,93,2,177,116,194,,,,,,
187,195,42,170,,,,,,,,
154,161,34,,,,,,,,,
162,15,188,186,63,,,,,,,
60,146,18,191,,,,,,,,
48,34,99,,,,,,,,,
4,163,,,,,,,,,,
86,197,110,186,,,,,,,,
12,6,99,,,,,,,,,
119,,,,,,,,,,,
162,41,,,,,,,,,,
20,192,177,,,,,,,,,
20,186,112,195,39,44,103,,,,,
78,172,90,125,,,,,,,,
68,100,153,78,,,,,,,,
16,144,132,,,,,,,,,
94,14,178,19,186,90,32,,,,,
184,75,34,,,,,,,,,
154,14,141,,,,,,,,,
141,199,,,,,,,,,,
14,111,124,,,,,,,,,
41,196,134,164,21,198,,,,,,
146,,,,,,,,,,,
181,67,,,,,,,,,,
181,67,172,134,43,56,143,,,,,
67,185,196,,,,,,,,,
172,15,,,,,,,,,,
172,191,177,34,60,,,,,,,
191,60,135,188,87,,,,,,,
162,91,16,67,163,161,105,,,,,
60,15,46,154,50,78,46,144,,,,
111,119,155,6,117,134,,,,,,
186,115,163,194,170,,,,,,,
163,170,166,195,159,10,178,54,170,187,,
34,18,,,,,,,,,,
34,86,183,,,,,,,,,
86,111,111,,,,,,,,,
179,161,,,,,,,,,,
179,141,179,189,140,170,161,68,44,,,
154,110,,,,,,,,,,
110,67,56,,,,,,,,,
69,191,49,,,,,,,,,
6,138,56,197,,,,,,,,
1,,,,,,,,,,,
146,67,111,,,,,,,,,
115,184,162,110,190,,,,,,,
184,60,30,111,111,,,,,,,
60,116,46,175,,,,,,,,
93,154,186,186,,,,,,,,
78,62,38,194,,,,,,,,
62,60,49,,,,,,,,,
186,57,147,,,,,,,,,
190,166,57,86,26,,,,,,,
186,20,116,111,123,,,,,,,
60,60,,,,,,,,,,
111,186,,,,,,,,,,
111,119,,,,,,,,,,
87,4,170,68,,,,,,,,
185,154,188,186,,,,,,,,
19,117,75,107,152,49,152,,,,,
1,0,29,,,,,,,,,
134,100,30,6,149,76,,,,,,
14,86,67,,,,,,,,,
18,116,44,108,102,186,103,,,,,
118,175,172,70,,,,,,,,
70,115,108,59,,,,,,,,
118,,,,,,,,,,,
21,191,185,170,67,,,,,,,
78,67,149,136,,,,,,,,
162,16,,,,,,,,,,
188,44,121,,,,,,,,,
0,34,60,22,142,,,,,,,
34,60,29,129,185,131,,,,,,
48,32,190,69,143,,,,,,,
69,100,170,191,,,,,,,,
108,186,170,,,,,,,,,
108,30,147,8,159,170,81,,,,,
147,111,116,121,,,,,,,,
2,5,161,,,,,,,,,
5,131,,,,,,,,,,
5,54,147,18,3,,,,,,,
68,199,,,,,,,,,,
50,51,195,140,,,,,,,,
19,19,111,19,56,,,,,,,
134,189,75,177,,,,,,,,
134,116,36,187,110,140,94,60,186,185,,
144,187,,,,,,,,,,
137,38,,,,,,,,,,
38,117,186,,,,,,,,,
117,18,29,86,,,,,,,,
186,108,19,,,,,,,,,
108,57,50,197,21,78,,,,,,
108,197,175,191,115,,,,,,,
197,41,186,,,,,,,,,
108,34,172,184,172,,,,,,,
191,35,186,,,,,,,,,
75,194,192,,,,,,,,,
33,32,101,4,,,,,,,,
112,48,192,,,,,,,,,
185,170,6,,,,,,,,,
129,34,86,100,43,,,,,,,
144,168,172,186,,,,,,,,
32,160,110,,,,,,,,,
6,14,90,,,,,,,,,
6,14,90,158,99,158,141,183,,,,
154,162,101,70,,,,,,,,
162,199,157,56,134,,,,,,,
128,18,144,,,,,,,,,
108,110,177,60,153,,,,,,,
162,67,186,,,,,,,,,
162,67,77,1,14,155,,,,,,
162,1,18,,,,,,,,,
162,1,18,175,12,45,,,,,,
100,88,39,141,159,,,,,,,
145,134,147,,,,,,,,,
11,15,134,1,154,12,,,,,,
24,154,18,49,,,,,,,,
39,166,43,117,152,,,,,,,
77,124,12,19,,,,,,,,
18,144,14,194,186,143,,,,,,
33,155,86,,,,,,,,,
66,152,44,,,,,,,,,
39,,,,,,,,,,,
29,186,,,,,,,,,,
29,141,56,162,170,,,,,,,
56,86,136,128,173,193,181,187,,,,
153,102,110,4,,,,,,,,
170,187,85,,,,,,,,,
163,191,85,28,108,187,,,,,,
57,141,177,,,,,,,,,
67,188,90,,,,,,,,,
67,90,199,67,15,,,,,,,
163,103,117,115,162,195,,,,,,
37,86,18,118,,,,,,,,
70,184,62,18,,,,,,,,
184,186,94,170,,,,,,,,
186,94,175,,,,,,,,,
152,94,49,147,135,103,,,,,,
32,113,,,,,,,,,,
86,93,43,12,,,,,,,,
93,43,163,146,140,,,,,,,
48,143,139,,,,,,,,,
194,143,18,137,,,,,,,,
1,136,187,70,,,,,,,,
15,143,34,165,,,,,,,,
116,142,161,,,,,,,,,
142,29,124,191,19,37,,,,,,
78,6,34,,,,,,,,,
14,72,20,195,101,,,,,,,
14,72,162,146,,,,,,,,
28,21,,,,,,,,,,
143,,,,,,,,,,,
13,6,,,,,,,,,,
77,11,,,,,,,,,,
72,103,159,,,,,,,,,
117,18,72,78,100,,,,,,,
24,4,20,,,,,,,,,
16,117,124,142,100,,,,,,,
159,30,63,166,,,,,,,,
141,39,170,,,,,,,,,
28,113,74,,,,,,,,,
172,30,81,121,159,,,,,,,
186,170,187,,,,,,,,,
34,119,,,,,,,,,,
110,189,20,144,186,,,,,,,
111,,,,,,,,,,,
16,111,,,,,,,,,,
124,166,,,,,,,,,,
162,,,,,,,,,,,
146,141,133,24,101,,,,,,,
146,141,24,101,34,143,31,,,,,
117,108,14,113,63,,,,,,,
42,74,152,23,72,75,14,,,,,
99,63,110,136,2,48,189,,,,,
37,191,181,181,,,,,,,,
115,11,28,187,,,,,,,,
188,93,134,149,48,108,,,,,,
110,44,143,67,180,,,,,,,
60,,,,,,,,,,,
60,141,163,170,190,60,72,144,187,186,,
190,154,72,110,14,,,,,,,
190,72,14,116,102,160,185,,,,,
99,144,34,,,,,,,,,
187,6,170,128,6,,,,,,,
60,39,67,,,,,,,,,
44,129,186,,,,,,,,,
14,185,11,132,34,,,,,,,
185,140,178,,,,,,,,,
116,156,,,,,,,,,,
116,2,,,,,,,,,,
116,181,185,54,34,,,,,,,
29,78,11,170,,,,,,,,
29,185,5,3,161,54,178,163,,,,
161,30,91,192,,,,,,,,
166,147,191,131,172,,,,,,,
166,15,129,31,84,,,,,,,
186,108,18,191,154,,,,,,,
108,92,86,111,,,,,,,,
92,81,110,145,170,60,12,34,162,,,
86,144,195,48,,,,,,,,
26,14,141,170,,,,,,,,
26,170,184,186,,,,,,,,
170,186,,,,,,,,,,
19,60,70,137,78,14,,,,,,
28,147,90,,,,,,,,,
67,75,,,,,,,,,,
1,75,70,172,67,,,,,,,
35,26,18,18,,,,,,,,
18,0,1,,,,,,,,,
181,187,67,143,103,18,30,102,,,,
188,116,97,121,,,,,,,,
170,118,188,32,,,,,,,,
34,162,128,19,,,,,,,,
34,136,120,29,192,,,,,,,
67,60,101,162,1,38,,,,,,
101,38,98,188,23,5,,,,,,
83,78,116,,,,,,,,,
108,49,,,,,,,,,,
49,183,67,194,,,,,,,,
91,,,,,,,,,,,
57,140,49,,,,,,,,,
161,,,,,,,,,,,
161,14,86,91,140,,,,,,,
14,86,186,68,186,,,,,,,
131,22,44,,,,,,,,,
44,34,,,,,,,,,,
161,81,124,154,,,,,,,,
194,152,4,86,161,,,,,,,
74,97,,,,,,,,,,
47,86,186,,,,,,,,,
194,194,91,2,195,,,,,,,
194,194,91,2,195,154,192,,,,,
15,33,100,,,,,,,,,
15,97,136,,,,,,,,,
110,93,196,185,186,,,,,,,
46,102,161,48,85,,,,,,,
129,56,30,,,,,,,,,
108,14,67,141,70,194,32,,,,,
108,84,187,,,,,,,,,
113,2,15,186,68,,,,,,,
153,140,49,11,,,,,,,,
154,185,86,81,153,78,,,,,,
60,115,0,34,177,177,,,,,,
115,30,62,117,6,,,,,,,
141,161,0,,,,,,,,,
163,46,,,,,,,,,,
163,46,75,4,155,107,,,,,,
163,86,,,,,,,,,,
134,188,129,,,,,,,,,
49,99,56,,,,,,,,,
110,86,124,199,,,,,,,,
78,30,111,,,,,,,,,
56,161,61,34,,,,,,,,
102,194,179,,,,,,,,,
99,67,22,,,,,,,,,
170,115,154,142,106,20,,,,,,
141,161,105,49,178,151,,,,,,
102,194,67,194,25,,,,,,,
44,112,39,,,,,,,,,
111,,,,,,,,,,,
11,,,,,,,,,,,
56,46,60,115,163,81,195,131,,,,
81,115,,,,,,,,,,
186,173,,,,,,,,,,
111,161,163,186,89,70,,,,,,
43,144,154,147,,,,,,,,
154,68,63,166,141,,,,,,,
138,194,191,111,63,,,,,,,
44,132,124,185,,,,,,,,
44,87,125,,,,,,,,,
44,87,125,10,,,,,,,,
87,178,111,37,,,,,,,,
118,117,142,,,,,,,,,
186,54,49,18,170,94,,,,,,
170,186,186,32,,,,,,,,
78,35,188,,,,,,,,,
78,118,113,10,,,,,,,,
26,154,186,170,,,,,,,,
170,186,,,,,,,,,,
42,14,110,,,,,,,,,
186,18,129,161,151,,,,,,,
134,110,102,108,,,,,,,,
22,194,154,101,,,,,,,,
161,54,0,,,,,,,,,
0,28,,,,,,,,,,
192,144,186,152,60,,,,,,,
1,153,117,,,,,,,,,
1,153,117,187,178,54,181,19,81,,,
19,19,141,144,,,,,,,,
24,0,,,,,,,,,,
56,178,,,,,,,,,,
194,18,16,,,,,,,,,
49,18,178,190,,,,,,,,
195,18,16,186,141,,,,,,,
195,66,67,86,143,14,,,,,,
184,,,,,,,,,,,
141,142,67,20,19,76,72,146,,,,
188,108,111,117,191,102,,,,,,
117,192,160,49,99,83,,,,,,
99,14,129,16,,,,,,,,
161,154,39,190,100,49,,,,,,
141,181,181,81,185,179,,,,,,
131,49,123,,,,,,,,,
70,111,46,30,19,,,,,,,
70,54,18,194,124,9,160,86,,,,
60,67,186,190,,,,,,,,
46,173,186,99,,,,,,,,
116,78,131,,,,,,,,,
32,144,132,188,,,,,,,,
86,48,,,,,,,,,,
141,24,,,,,,,,,,
19,18,43,,,,,,,,,
117,51,152,,,,,,,,,
35,66,14,190,56,,,,,,,
163,32,57,,,,,,,,,
6,72,188,132,105,25,,,,,,
11,108,49,172,,,,,,,,
111,191,46,,,,,,,,,
4,23,170,136,26,,,,,,,
31,166,195,170,,,,,,,,
170,42,121,83,132,,,,,,,
170,42,178,,,,,,,,,
170,178,99,86,30,3,,,,,,
170,50,162,140,181,16,152,152,140,,,
18,145,158,136,31,,,,,,,
136,144,18,38,,,,,,,,
99,16,42,190,81,,,,,,,
143,89,161,175,,,,,,,,
26,185,23,78,121,,,,,,,
26,23,194,100,,,,,,,,
103,78,136,54,,,,,,,,
12,121,159,132,56,,,,,,,
60,195,,,,,,,,,,
34,44,,,,,,,,,,
49,60,170,56,6,,,,,,,
129,24,67,131,56,,,,,,,
34,112,14,21,177,,,,,,,
14,195,39,124,186,,,,,,,
163,,,,,,,,,,,
110,39,16,158,177,,,,,,,
39,158,124,161,28,,,,,,,
161,28,99,26,129,191,,,,,,
115,35,78,,,,,,,,,
161,195,2,75,,,,,,,,
1,72,,,,,,,,,,
1,110,116,141,,,,,,,,
1,110,97,157,140,154,166,57,154,97,,
140,30,196,,,,,,,,,
125,187,188,163,,,,,,,,
48,67,,,,,,,,,,
167,187,121,,,,,,,,,
37,39,37,124,,,,,,,,
178,78,195,2,,,,,,,,
178,78,195,2,149,,,,,,,
178,78,149,,,,,,,,,
99,46,102,,,,,,,,,
195,44,117,,,,,,,,,
162,187,187,,,,,,,,,
192,86,,,,,,,,,,
79,188,,,,,,,,,,
87,78,,,,,,,,,,
78,184,190,170,140,162,,,,,,
41,173,11,76,,,,,,,,
76,30,194,167,30,,,,,,,
194,124,,,,,,,,,,
194,147,194,,,,,,,,,
186,34,56,31,144,167,,,,,,
144,172,18,6,186,1,,,,,,
128,154,108,,,,,,,,,
81,51,21,108,,,,,,,,
1,101,60,86,160,34,26,56,191,19,112,117
146,187,88,14,46,,,,,,,
129,56,190,116,,,,,,,,
81,30,,,,,,,,,,
14,185,,,,,,,,,,
186,188,70,186,35,170,,,,,,
170,113,195,,,,,,,,,
42,32,70,,,,,,,,,
70,124,,,,,,,,,,
70,124,6,60,170,85,191,,,,,
19,54,195,90,,,,,,,,
54,195,170,6,139,194,184,,,,,
54,77,161,,,,,,,,,
111,60,195,,,,,,,,,
181,170,187,158,,,,,,,,
117,121,4,26,81,88,186,,,,,
12,39,117,101,48,,,,,,,
24,15,,,,,,,,,,
15,146,190,166,166,,,,,,,
146,16,,,,,,,,,,
146,16,108,8,77,160,,,,,,
16,160,12,115,170,,,,,,,
141,,,,,,,,,,,
4,170,180,,,,,,,,,
16,42,,,,,,,,,,
47,132,,,,,,,,,,
1,191,14,90,140,161,124,,,,,
140,172,,,,,,,,,,
163,99,,,,,,,,,,
124,56,30,86,,,,,,,,
118,178,34,161,140,172,56,56,189,77,29,102
167,195,6,,,,,,,,,
10,78,161,,,,,,,,,
78,102,30,,,,,,,,,
194,43,16,56,,,,,,,,
170,141,85,187,194,16,,,,,,
139,168,19,18,140,,,,,,,
0,143,56,161,46,189,60,112,16,,,
8,0,181,161,,,,,,,,
117,68,13,,,,,,,,,
53,19,190,56,194,,,,,,,
144,187,76,177,151,,,,,,,
179,18,66,,,,,,,,,
144,67,49,151,,,,,,,,
144,49,151,,,,,,,,,
5,54,18,143,,,,,,,,
5,86,141,,,,,,,,,
81,147,141,149,44,,,,,,,
159,26,162,15,101,,,,,,,
190,86,170,100,186,3,141,102,186,,,
16,90,187,,,,,,,,,
100,4,,,,,,,,,,
100,94,186,18,113,,,,,,,
194,60,136,,,,,,,,,
185,160,147,167,,,,,,,,
91,99,170,,,,,,,,,
120,192,34,,,,,,,,,
147,,,,,,,,,,,
67,162,186,138,179,,,,,,,
81,116,14,16,170,,,,,,,
112,86,115,194,49,113,,,,,,
76,,,,,,,,,,,
76,24,163,120,123,34,155,,,,,
76,163,123,34,44,,,,,,,
163,81,119,44,1,,,,,,,
127,116,184,18,,,,,,,,
49,120,67,178,,,,,,,,
146,135,85,4,117,33,60,162,,,,
146,85,18,15,60,101,46,47,,,,
14,175,,,,,,,,,,
132,19,,,,,,,,,,
132,19,191,139,,,,,,,,
86,38,10,183,56,181,,,,,,
86,49,,,,,,,,,,
37,143,74,60,194,,,,,,,
194,54,187,174,,,,,,,,
146,136,,,,,,,,,,
190,57,111,,,,,,,,,
186,68,185,,,,,,,,,
60,194,186,123,21,,,,,,,
110,196,97,,,,,,,,,
15,170,56,98,88,,,,,,,
15,56,98,88,,,,,,,,
60,69,191,159,118,194,,,,,,
191,14,132,141,187,,,,,,,
141,187,132,63,121,34,18,,,,,
85,136,140,,,,,,,,,
57,117,72,,,,,,,,,
57,117,72,100,128,116,,,,,,
115,141,146,,,,,,,,,
117,77,,,,,,,,,,
110,33,25,5,,,,,,,,
33,25,4,102,134,76,47,,,,,
122,,,,,,,,,,,
122,85,77,0,48,194,,,,,,
18,192,37,146,,,,,,,,
49,,,,,,,,,,,
103,110,87,115,,,,,,,,
21,57,67,,,,,,,,,
147,6,111,28,166,,,,,,,
16,186,10,149,185,,,,,,,
136,86,,,,,,,,,,
136,86,77,26,,,,,,,,
140,164,135,56,194,,,,,,,
115,179,124,146,173,,,,,,,
187,146,,,,,,,,,,
76,14,,,,,,,,,,
94,,,,,,,,,,,
94,194,56,117,,,,,,,,
30,72,,,,,,,,,,
56,166,144,161,56,,,,,,,
143,154,,,,,,,,,,
143,75,87,129,,,,,,,,
143,87,172,145,195,18,,,,,,
4,,,,,,,,,,,
152,46,162,120,48,124,,,,,,
143,26,14,,,,,,,,,
185,13,186,3,,,,,,,,
104,6,110,185,5,86,146,,,,,
6,86,146,124,,,,,,,,
195,41,60,,,,,,,,,
74,44,102,,,,,,,,,
44,,,,,,,,,,,
46,146,44,,,,,,,,,
117,41,34,187,,,,,,,,
195,75,178,132,111,,,,,,,
170,195,23,100,87,161,44,,,,,
118,56,,,,,,,,,,
76,83,156,2,12,6,38,195,,,,
141,34,181,152,13,191,,,,,,
117,1,56,,,,,,,,,
117,2,100,111,160,82,136,,,,,
136,67,140,,,,,,,,,
18,48,100,19,85,,,,,,,
162,141,162,,,,,,,,,
162,128,117,102,20,,,,,,,
20,25,60,,,,,,,,,
60,23,,,,,,,,,,
23,110,138,175,,,,,,,,
138,42,,,,,,,,,,
102,134,85,68,101,199,167,48,37,,,
134,34,81,,,,,,,,,
162,118,,,,,,,,,,
162,184,,,,,,,,,,
54,179,46,70,,,,,,,,
46,97,,,,,,,,,,
113,110,184,,,,,,,,,
91,148,108,194,18,42,121,,,,,
91,90,44,,,,,,,,,
163,34,,,,,,,,,,
38,4,14,,,,,,,,,
15,162,172,12,,,,,,,,
162,12,179,77,1,,,,,,,
124,189,110,115,87,56,,,,,,
69,118,154,120,154,57,137,123,178,,,
68,179,177,123,170,,,,,,,
68,6,115,84,,,,,,,,
186,136,34,141,14,,,,,,,
134,161,0,44,,,,,,,,
86,32,100,14,,,,,,,,
100,115,42,34,18,1,47,,,,,
175,86,,,,,,,,,,
185,136,,,,,,,,,,
187,111,85,,,,,,,,,
183,56,14,,,,,,,,,
183,56,14,124,26,128,192,81,,,,
18,190,86,81,14,54,21,,,,,
75,16,86,67,162,81,184,,,,,
121,,,,,,,,,,,
110,152,67,,,,,,,,,
46,117,131,,,,,,,,,
118,124,32,1,102,,,,,,,
195,172,,,,,,,,,,
172,70,108,,,,,,,,,
63,10,135,,,,,,,,,
192,,,,,,,,,,,
186,117,15,117,187,67,117,88,162,,,
185,132,,,,,,,,,,
44,188,,,,,,,,,,
98,31,137,93,,,,,,,,
98,117,46,97,,,,,,,,
34,,,,,,,,,,,
117,16,99,16,43,120,14,56,,,,
29,123,,,,,,,,,,
124,16,161,,,,,,,,,
67,86,178,,,,,,,,,
60,49,135,,,,,,,,,
60,49,135,111,139,14,186,,,,,
140,,,,,,,,,,,
140,141,99,162,199,136,,,,,,
194,63,30,,,,,,,,,
87,37,24,186,103,154,50,86,186,,,
186,38,178,,,,,,,,,
111,151,146,34,146,2,,,,,,
87,119,6,24,196,91,,,,,,
108,38,,,,,,,,,,
83,19,172,173,,,,,,,,
178,146,68,94,,,,,,,,
48,124,99,161,,,,,,,,
124,81,134,16,8,86,,,,,,
161,163,196,,,,,,,,,
18,192,185,132,162,60,107,,,,,
18,185,,,,,,,,,,
90,101,,,,,,,,,,
136,192,60,,,,,,,,,
136,192,60,48,,,,,,,,
47,42,67,,,,,,,,,
47,67,102,,,,,,,,,
48,187,132,,,,,,,,,
72,1,56,,,,,,,,,
97,86,181,158,141,32,189,101,,,,
56,152,57,47,49,30,,,,,,
56,47,49,18,34,147,147,,,,,
49,33,,,,,,,,,,
111,117,100,,,,,,,,,
39,,,,,,,,,,,
91,145,124,30,188,173,,,,,,
187,163,164,,,,,,,,,
60,124,178,147,,,,,,,,
30,137,,,,,,,,,,
117,18,191,,,,,,,,,
196,115,187,90,49,,,,,,,
154,28,,,,,,,,,,
154,28,78,,,,,,,,,
186,155,,,,,,,,,,
52,,,,,,,,,,,
52,34,199,,,,,,,,,
0,72,,,,,,,,,,
0,72,163,38,186,56,,,,,,
72,162,194,32,,,,,,,,
162,163,60,66,117,10,29,152,,,,
11,,,,,,,,,,,
169,34,121,,,,,,,,,
192,145,7,178,4,,,,,,,
103,10,167,30,,,,,,,,
172,186,50,,,,,,,,,
172,108,34,,,,,,,,,
131,20,4,154,100,169,,,,,,
56,154,28,147,81,154,,,,,,
90,32,123,,,,,,,,,
72,179,,,,,,,,,,
72,18,72,67,48,,,,,,,
72,124,166,,,,,,,,,
199,47,,,,,,,,,,
146,160,183,,,,,,,,,
146,160,24,131,15,131,16,,,,,
136,187,191,44,134,39,,,,,,
86,102,108,20,10,14,44,,,,,
43,160,33,4,37,,,,,,,
185,111,117,,,,,,,,,
20,28,98,26,78,54,172,,,,,
98,78,178,125,122,85,,,,,,
147,181,158,,,,,,,,,
34,,,,,,,,,,,
31,70,132,,,,,,,,,
162,,,,,,,,,,,
0,29,181,,,,,,,,,
0,29,99,187,,,,,,,,
187,91,144,177,,,,,,,,
116,186,16,172,,,,,,,,
5,,,,,,,,,,,
26,32,181,2,191,,,,,,,
116,34,,,,,,,,,,
161,86,,,,,,,,,,
132,142,111,186,,,,,,,,
111,141,,,,,,,,,,
12,179,34,,,,,,,,,
195,178,144,16,117,,,,,,,
178,185,162,34,84,,,,,,,
26,199,6,68,142,,,,,,,
87,116,56,145,13,,,,,,,
190,144,56,138,,,,,,,,
131,178,0,185,,,,,,,,
152,103,19,,,,,,,,,
152,103,19,166,78,3,,,,,,
19,5,6,,,,,,,,,
1,188,56,184,39,,,,,,,
34,177,12,,,,,,,,,
147,183,18,70,19,,,,,,,
18,187,114,,,,,,,,,
187,90,194,139,,,,,,,,
139,186,144,16,186,,,,,,,
186,48,136,56,32,,,,,,,
119,186,122,,,,,,,,,
186,4,158,34,141,161,,,,,,
34,110,153,170,5,,,,,,,
155,117,131,181,,,,,,,,
4,136,0,18,,,,,,,,
11,,,,,,,,,,,
170,161,147,1,77,41,,,,,,
161,147,117,162,,,,,,,,
120,151,,,,,,,,,,
4,30,29,92,,,,,,,,
16,129,188,,,,,,,,,
39,186,72,67,70,,,,,,,
185,89,112,,,,,,,,,
112,87,108,115,,,,,,,,
108,11,2,,,,,,,,,
77,48,,,,,,,,,,
0,98,56,161,185,141,39,184,,,,
117,86,107,121,49,,,,,,,
113,5,0,163,149,,,,,,,
5,47,104,28,,,,,,,,
143,18,,,,,,,,,,
60,177,194,,,,,,,,,
177,52,187,,,,,,,,,
111,148,42,31,89,114,,,,,,
132,34,16,,,,,,,,,
14,167,166,,,,,,,,,
124,158,76,86,,,,,,,,
76,14,170,,,,,,,,,
14,70,16,67,,,,,,,,
108,15,,,,,,,,,,
108,15,68,117,175,14,154,138,91,34,13,57
12,22,162,,,,,,,,,
163,143,70,115,,,,,,,,
117,34,111,,,,,,,,,
160,124,173,86,21,,,,,,,
14,184,,,,,,,,,,
32,136,18,,,,,,,,,
192,68,187,179,108,,,,,,,
192,12,67,117,170,,,,,,,
108,187,194,,,,,,,,,
67,170,,,,,,,,,,
12,100,,,,,,,,,,
90,161,1,124,146,34,,,,,,
90,161,1,124,146,34,,,,,,
16,67,18,98,183,14,,,,,,
177,132,38,48,3,42,161,,,,,
29,170,165,,,,,,,,,
87,85,191,,,,,,,,,
87,118,131,,,,,,,,,
63,169,118,57,74,,,,,,,
186,100,170,,,,,,,,,
185,166,125,,,,,,,,,
166,151,197,186,2,152,,,,,,
186,154,,,,,,,,,,
12,60,134,18,37,,,,,,,
140,91,49,,,,,,,,,
158,192,,,,,,,,,,
192,14,,,,,,,,,,
34,60,186,170,163,,,,,,,
117,185,0,32,125,,,,,,,
125,22,,,,,,,,,,
187,121,,,,,,,,,,
188,195,,,,,,,,,,
113,85,0,,,,,,,,,
85,18,,,,,,,,,,
117,86,,,,,,,,,,
161,60,195,170,121,19,,,,,,
131,67,68,119,,,,,,,,
187,141,97,63,14,,,,,,,
187,141,97,14,76,146,91,153,,,,
146,153,188,141,187,153,,,,,,
153,152,152,111,181,161,,,,,,
185,34,125,,,,,,,,,
117,89,18,,,,,,,,,
18,183,0,185,,,,,,,,
100,136,90,67,,,,,,,,
111,11,108,152,129,1,,,,,,
29,94,44,141,108,,,,,,,
162,50,,,,,,,,,,
162,110,178,160,131,,,,,,,
190,60,189,154,117,,,,,,,
81,161,37,99,44,116,166,,,,,
128,34,124,160,21,,,,,,,
31,49,,,,,,,,,,
117,32,140,129,188,,,,,,,
87,29,78,54,56,,,,,,,
153,129,89,34,81,,,,,,,
67,186,49,46,12,,,,,,,
1,131,34,,,,,,,,,
163,136,12,30,141,,,,,,,
77,116,46,,,,,,,,,
118,152,195,185,90,14,,,,,,
60,29,,,,,,,,,,
49,184,154,1,,,,,,,,
128,49,,,,,,,,,,
120,,,,,,,,,,,
194,159,,,,,,,,,,
117,116,102,,,,,,,,,
117,181,49,135,31,81,166,,,,,
101,136,,,,,,,,,,
56,99,186,18,72,,,,,,,
158,4,81,,,,,,,,,
100,116,56,,,,,,,,,
56,76,37,,,,,,,,,
56,76,37,162,170,,,,,,,
185,21,,,,,,,,,,
18,49,117,102,67,,,,,,,
101,,,,,,,,,,,
172,34,12,44,187,48,,,,,,
18,191,67,84,162,32,112,,,,,
166,132,12,32,141,97,164,,,,,
166,34,172,,,,,,,,,
34,26,143,196,,,,,,,,
34,26,143,192,54,14,,,,,,
74,145,125,100,98,,,,,,,
185,5,186,11,187,,,,,,,
121,119,148,18,,,,,,,,
30,192,,,,,,,,,,
66,,,,,,,,,,,
66,194,18,154,,,,,,,,
66,194,18,154,,,,,,,,
141,134,161,29,30,,,,,,,
170,22,18,60,,,,,,,,
22,63,,,,,,,,,,
4,28,192,12,34,183,,,,,,
4,28,192,12,183,46,,,,,,
4,28,54,12,19,84,23,,,,,
54,82,162,167,134,8,46,,,,,
108,16,19,188,,,,,,,,
111,39,138,166,,,,,,,,
117,136,111,,,,,,,,,
186,,,,,,,,,,,
185,160,28,,,,,,,,,
185,141,131,186,24,,,,,,,
38,78,170,99,,,,,,,,
99,115,74,170,44,,,,,,,
43,34,46,186,,,,,,,,
186,121,136,194,137,,,,,,,
118,170,49,185,4,87,31,188,,,,
42,18,,,,,,,,,,
18,52,161,118,18,186,,,,,,
18,86,0,144,30,116,,,,,,
144,2,14,103,168,86,138,117,,,,
55,187,67,34,57,77,30,,,,,
57,56,66,63,134,,,,,,,
18,172,86,86,,,,,,,,
86,86,14,,,,,,,,,
86,14,123,,,,,,,,,
3,108,32,187,14,189,16,,,,,
196,198,90,190,81,,,,,,,
90,5,190,154,141,,,,,,,
5,146,103,14,186,60,,,,,,
98,,,,,,,,,,,
170,,,,,,,,,,,
6,21,,,,,,,,,,
6,147,151,1,42,,,,,,,
147,163,,,,,,,,,,
181,125,181,86,163,,,,,,,
155,1,192,,,,,,,,,
143,57,101,115,189,,,,,,,
110,97,134,86,,,,,,,,
103,6,19,184,85,,,,,,,
75,56,72,,,,,,,,,
185,18,60,72,32,,,,,,,
34,50,191,189,,,,,,,,
63,99,99,14,189,,,,,,,
161,,,,,,,,,,,
161,4,186,135,,,,,,,,
2,191,183,56,162,,,,,,,
123,20,32,147,162,,,,,,,
177,144,29,,,,,,,,,
177,35,196,34,48,,,,,,,
81,103,,,,,,,,,,
103,129,,,,,,,,,,
143,166,123,,,,,,,,,
170,154,31,125,,,,,,,,
186,194,113,20,86,,,,,,,
20,1,135,,,,,,,,,
1,135,63,86,166,,,,,,,
70,191,60,187,1,,,,,,,
38,,,,,,,,,,,
186,44,0,70,190,15,124,0,103,,,
0,199,59,132,,,,,,,,
132,48,158,,,,,,,,,
1,192,185,,,,,,,,,
185,183,,,,,,,,,,
163,87,38,98,48,56,34,63,,,,
163,108,119,32,161,57,184,,,,,
189,30,158,,,,,,,,,
186,67,111,136,15,97,,,,,,
42,,,,,,,,,,,
86,91,68,,,,,,,,,
6,19,162,,,,,,,,,
194,140,185,152,39,,,,,,,
188,137,162,101,75,,,,,,,
119,,,,,,,,,,,
119,140,11,,,,,,,,,
152,63,188,26,60,183,,,,,,
78,,,,,,,,,,,
64,48,135,49,34,,,,,,,
38,117,32,5,186,136,,,,,,
123,5,123,141,110,,,,,,,
123,48,39,85,192,149,,,,,,
87,155,108,81,,,,,,,,
108,172,189,,,,,,,,,
54,14,,,,,,,,,,
191,129,,,,,,,,,,
129,,,,,,,,,,,
175,146,166,136,50,1,,,,,,
110,34,186,,,,,,,,,
197,18,11,,,,,,,,,
11,117,85,185,,,,,,,,
185,75,,,,,,,,,,
93,32,120,,,,,,,,,
161,75,177,67,39,,,,,,,
141,5,54,115,190,189,,,,,,
178,188,21,,,,,,,,,
21,30,187,162,110,,,,,,,
187,152,154,131,124,162,136,,,,,
63,179,,,,,,,,,,
47,,,,,,,,,,,
72,184,149,23,121,140,152,,,,,
184,190,20,121,129,,,,,,,
184,20,129,6,11,113,,,,,,
184,108,23,,,,,,,,,
23,21,16,124,,,,,,,,
172,11,74,166,188,5,48,,,,,
187,186,187,172,41,20,34,83,147,74,21,
186,8,152,16,128,,,,,,,
132,29,66,102,,,,,,,,
72,170,,,,,,,,,,
180,99,,,,,,,,,,
99,22,186,129,86,,,,,,,
18,170,146,16,,,,,,,,
60,185,123,49,,,,,,,,
111,170,178,123,,,,,,,,
191,164,,,,,,,,,,
46,141,28,26,,,,,,,,
185,19,137,,,,,,,,,
56,48,104,123,,,,,,,,
140,68,34,25,,,,,,,,
94,14,191,111,33,108,170,,,,,
14,16,146,,,,,,,,,
184,194,0,,,,,,,,,
57,186,26,57,,,,,,,,
57,140,137,,,,,,,,,
117,170,132,190,60,,,,,,,
132,60,186,132,12,,,,,,,
132,12,18,57,42,,,,,,,
12,123,,,,,,,,,,
102,14,6,199,,,,,,,,
182,186,124,28,,,,,,,,
185,93,,,,,,,,,,
2,132,87,185,111,,,,,,,
99,116,113,62,90,,,,,,,
152,187,21,178,,,,,,,,
43,86,135,39,75,28,,,,,,
115,141,170,34,,,,,,,,
141,132,186,172,,,,,,,,
147,46,146,,,,,,,,,
16,110,51,184,,,,,,,,
22,,,,,,,,,,,
168,132,56,161,159,,,,,,,
186,178,14,,,,,,,,,
31,190,192,186,19,,,,,,,
5,162,39,76,91,170,92,,,,,
54,191,154,146,116,185,16,111,166,,,
48,,,,,,,,,,,
169,90,56,22,1,,,,,,,
10,19,191,,,,,,,,,
86,6,,,,,,,,,,
190,2,,,,,,,,,,
2,14,14,6,,,,,,,,
63,14,29,162,,,,,,,,
172,191,32,,,,,,,,,
151,134,123,192,,,,,,,,
163,134,187,102,108,,,,,,,
192,67,161,172,146,,,,,,,
162,184,131,185,,,,,,,,
5,194,60,85,,,,,,,,
198,166,161,139,132,,,,,,,
132,12,181,108,178,,,,,,,
194,77,140,,,,,,,,,
181,132,16,116,,,,,,,,
18,112,,,,,,,,,,
147,161,,,,,,,,,,
154,,,,,,,,,,,
41,140,,,,,,,,,,
192,163,,,,,,,,,,
146,187,119,179,,,,,,,,
124,186,44,63,108,67,,,,,,
26,6,184,,,,,,,,,
26,161,26,75,,,,,,,,
26,141,56,,,,,,,,,
115,190,172,146,,,,,,,,
136,37,125,,,,,,,,,
151,16,141,,,,,,,,,
161,111,185,,,,,,,,,
42,136,3,,,,,,,,,
152,34,166,134,,,,,,,,
152,134,75,15,70,,,,,,,
75,102,,,,,,,,,,
56,194,23,,,,,,,,,
56,194,57,,,,,,,,,
194,57,14,18,,,,,,,,
12,146,194,141,,,,,,,,
12,99,1,39,1,,,,,,,
1,161,115,185,,,,,,,,
154,,,,,,,,,,,
154,82,118,88,,,,,,,,
154,86,10,146,,,,,,,,
4,12,56,,,,,,,,,
158,81,,,,,,,,,,
158,143,91,75,,,,,,,,
195,66,,,,,,,,,,
30,182,194,101,,,,,,,,
194,99,,,,,,,,,,
99,0,187,199,,,,,,,,
110,90,111,8,,,,,,,,
190,2,161,,,,,,,,,
186,121,,,,,,,,,,
85,111,100,154,,,,,,,,
108,181,194,147,,,,,,,,
195,15,15,161,191,43,,,,,,
26,85,185,163,184,154,170,,,,,
67,38,60,44,46,15,123,34,116,141,19,
181,124,,,,,,,,,,
124,67,44,137,165,,,,,,,
111,140,6,166,,,,,,,,
166,124,163,47,79,172,85,,,,,
41,187,110,,,,,,,,,
110,111,28,102,39,,,,,,,
110,111,28,102,,,,,,,,
110,11,43,91,,,,,,,,
101,144,183,128,128,144,,,,,,
24,19,180,,,,,,,,,
190,152,67,139,56,,,,,,,
67,164,131,191,1,60,128,88,,,,
164,131,170,195,103,,,,,,,
170,6,,,,,,,,,,
170,178,183,,,,,,,,,
67,141,,,,,,,,,,
141,161,,,,,,,,,,
181,123,67,57,141,190,186,162,,,,
67,57,68,143,88,20,78,96,34,,,
186,168,56,144,,,,,,,,
163,113,19,77,112,,,,,,,
72,101,,,,,,,,,,
67,14,125,110,,,,,,,,
125,196,39,63,,,,,,,,
38,108,100,,,,,,,,,
38,108,124,,,,,,,,,
91,117,111,30,159,,,,,,,
12,161,140,187,194,97,,,,,,
132,63,20,,,,,,,,,
177,127,99,184,154,158,,,,,,
98,162,188,,,,,,,,,
188,137,,,,,,,,,,
152,195,67,75,,,,,,,,
186,110,170,,,,,,,,,
18,149,178,170,154,,,,,,,
4,161,102,,,,,,,,,
195,14,140,33,,,,,,,,
33,139,46,192,,,,,,,,
3,31,191,149,13,138,,,,,,
179,43,16,,,,,,,,,
43,110,86,67,,,,,,,,
184,123,161,189,164,,,,,,,
161,162,138,60,9,,,,,,,
90,118,1,151,,,,,,,,
129,86,185,,,,,,,,,
108,123,12,99,32,,,,,,,
162,179,170,33,190,,,,,,,
25,186,0,199,,,,,,,,
90,85,39,14,136,,,,,,,
170,41,,,,,,,,,,
170,161,194,44,,,,,,,,
34,56,198,43,116,2,,,,,,
88,78,16,49,0,67,19,26,154,,,
88,154,96,81,,,,,,,,
170,,,,,,,,,,,
74,143,74,,,,,,,,,
51,194,67,42,,,,,,,,
3,86,152,162,14,,,,,,,
163,163,113,,,,,,,,,
20,7,124,39,60,,,,,,,
56,186,161,63,4,,,,,,,
26,60,85,117,186,,,,,,,
26,186,88,24,163,,,,,,,
24,,,,,,,,,,,
124,29,14,,,,,,,,,
140,161,14,,,,,,,,,
5,194,115,18,67,138,,,,,,
5,115,97,50,190,,,,,,,
102,136,,,,,,,,,,
158,,,,,,,,,,,
195,86,,,,,,,,,,
46,72,154,132,,,,,,,,
155,51,,,,,,,,,,
5,191,98,74,186,21,,,,,,
172,42,,,,,,,,,,
42,91,,,,,,,,,,
13,187,,,,,,,,,,
187,194,21,124,99,108,,,,,,
10,153,192,,,,,,,,,
63,194,192,117,,,,,,,,
158,122,175,,,,,,,,,
158,122,175,78,108,186,185,,,,,
189,187,,,,,,,,,,
14,190,123,86,,,,,,,,
14,44,26,162,,,,,,,,
90,185,67,,,,,,,,,
5,44,,,,,,,,,,
161,68,143,163,,,,,,,,
68,161,141,,,,,,,,,
113,181,117,91,42,,,,,,,
117,91,120,,,,,,,,,
177,168,131,,,,,,,,,
168,194,87,,,,,,,,,
102,85,163,26,56,34,14,189,,,,
18,125,170,191,,,,,,,,
1,22,,,,,,,,,,
1,172,114,,,,,,,,,
30,141,67,,,,,,,,,
199,186,195,68,140,,,,,,,
186,68,140,48,78,90,4,,,,,
32,187,147,141,100,,,,,,,
48,23,163,,,,,,,,,
123,194,179,74,4,86,,,,,,
99,,,,,,,,,,,
185,98,60,37,,,,,,,,
117,57,190,,,,,,,,,
117,57,190,186,21,12,,,,,,
110,72,78,136,187,121,,,,,,
160,,,,,,,,,,,
147,0,132,111,,,,,,,,
32,14,,,,,,,,,,
185,129,33,170,,,,,,,,
185,13,14,170,117,12,161,,,,,
13,14,28,117,,,,,,,,
113,67,122,160,,,,,,,,
178,186,14,177,,,,,,,,
186,118,,,,,,,,,,
56,166,185,,,,,,,,,
159,100,181,,,,,,,,,
140,68,197,78,86,162,162,67,,,,
2,187,,,,,,,,,,
132,72,170,,,,,,,,,
4,30,,,,,,,,,,
186,144,108,,,,,,,,,
99,,,,,,,,,,,
154,160,162,166,111,,,,,,,
34,14,129,20,,,,,,,,
84,26,147,72,115,,,,,,,
170,57,170,,,,,,,,,
78,100,,,,,,,,,,
194,30,31,11,70,60,117,,,,,
67,4,,,,,,,,,,
56,170,191,86,,,,,,,,
56,191,86,,,,,,,,,
56,191,0,184,,,,,,,,
15,86,184,,,,,,,,,
167,191,16,1,170,117,188,91,181,190,132,
178,162,185,,,,,,,,,
154,161,24,189,101,,,,,,,
19,141,113,50,,,,,,,,
19,113,50,186,143,46,42,,,,,
67,151,191,,,,,,,,,
102,,,,,,,,,,,
102,60,23,138,,,,,,,,
60,186,170,185,,,,,,,,
3,,,,,,,,,,,
143,183,,,,,,,,,,
129,123,32,196,,,,,,,,
108,108,,,,,,,,,,
160,87,37,9,184,,,,,,,
42,192,32,24,,,,,,,,
14,120,91,48,,,,,,,,
5,23,128,,,,,,,,,
39,4,141,,,,,,,,,
28,90,146,99,144,,,,,,,
74,104,166,6,172,,,,,,,
161,152,94,146,46,,,,,,,
153,98,1,14,,,,,,,,
32,16,,,,,,,,,,
68,199,14,48,117,103,124,,,,,
131,194,78,188,,,,,,,,
129,,,,,,,,,,,
117,49,151,,,,,,,,,
102,134,,,,,,,,,,
141,170,121,123,110,,,,,,,
188,181,4,,,,,,,,,
110,94,,,,,,,,,,
187,186,151,44,,,,,,,,
187,44,42,,,,,,,,,
133,34,117,,,,,,,,,
133,34,14,18,,,,,,,,
90,111,56,48,185,,,,,,,
146,48,72,6,110,111,,,,,,
144,112,83,192,99,,,,,,,
78,1,71,18,,,,,,,,
155,194,98,30,152,19,134,,,,,
128,21,56,,,,,,,,,
117,6,143,74,,,,,,,,
6,63,1,,,,,,,,,
186,4,102,141,12,,,,,,,
67,,,,,,,,,,,
75,154,1,170,,,,,,,,
170,134,191,97,75,113,13,,,,,
160,67,112,189,,,,,,,,
188,167,35,,,,,,,,,
167,91,32,187,186,93,,,,,,
86,85,,,,,,,,,,
38,170,44,116,131,,,,,,,
78,,,,,,,,,,,
120,152,48,137,12,,,,,,,
81,131,,,,,,,,,,
81,181,161,67,14,,,,,,,
16,141,12,69,,,,,,,,
159,161,,,,,,,,,,
151,58,144,9,136,14,1,187,,,,
50,24,1,19,,,,,,,,
24,97,162,188,,,,,,,,
187,170,30,,,,,,,,,
26,115,16,76,,,,,,,,
186,117,,,,,,,,,,
117,113,34,52,44,,,,,,,
170,48,123,185,90,,,,,,,
158,19,191,132,,,,,,,,
21,125,1,141,,,,,,,,
152,184,,,,,,,,,,
184,60,194,10,,,,,,,,
10,89,111,21,10,57,,,,,,
57,36,1,102,,,,,,,,
163,67,101,60,163,,,,,,,
163,163,16,178,170,86,34,,,,,
16,195,86,111,56,91,,,,,,
86,111,91,137,48,78,,,,,,
137,48,124,44,75,166,,,,,,
124,166,14,61,154,137,,,,,,
67,137,20,22,,,,,,,,
111,158,111,,,,,,,,,
143,190,91,,,,,,,,,
183,143,134,132,,,,,,,,
163,135,19,,,,,,,,,
163,112,14,60,76,187,102,,,,,
35,86,108,18,,,,,,,,
186,,,,,,,,,,,
194,19,149,,,,,,,,,
184,70,21,85,154,132,111,66,186,,,
108,122,26,117,72,56,,,,,,
26,90,93,43,,,,,,,,
106,168,34,108,189,,,,,,,
111,,,,,,,,,,,
160,19,42,93,34,,,,,,,
83,19,161,,,,,,,,,
161,21,14,124,,,,,,,,
189,31,16,140,99,,,,,,,
98,102,6,144,117,,,,,,,
190,117,98,14,,,,,,,,
185,6,189,,,,,,,,,
57,143,,,,,,,,,,
119,33,19,63,3,,,,,,,
67,,,,,,,,,,,
165,18,191,189,9,,,,,,,
165,18,191,189,56,,,,,,,
14,166,122,,,,,,,,,
140,35,190,187,,,,,,,,
172,113,,,,,,,,,,
152,111,141,162,46,102,,,,,,
30,14,194,87,,,,,,,,
194,67,91,86,,,,,,,,
56,99,186,1,,,,,,,,
56,186,,,,,,,,,,
163,86,34,66,,,,,,,,
66,6,57,,,,,,,,,
57,26,,,,,,,,,,
35,178,,,,,,,,,,
132,30,,,,,,,,,,
187,172,,,,,,,,,,
85,,,,,,,,,,,
16,185,161,183,34,110,18,34,129,,,
67,191,123,6,143,,,,,,,
116,194,,,,,,,,,,
67,18,26,39,16,175,,,,,,
30,111,28,98,161,15,110,,,,,
6,124,47,106,18,,,,,,,
18,197,,,,,,,,,,
14,143,67,149,,,,,,,,
56,86,14,102,48,75,,,,,,
186,170,162,67,6,161,94,,,,,
6,191,6,199,,,,,,,,
187,,,,,,,,,,,
187,161,34,154,56,22,,,,,,
161,20,116,,,,,,,,,
56,97,,,,,,,,,,
186,194,,,,,,,,,,
1,190,125,100,67,,,,,,,
125,115,3,185,20,14,,,,,,
190,154,60,,,,,,,,,
190,136,48,,,,,,,,,
189,79,,,,,,,,,,
68,94,119,154,40,,,,,,,
94,154,38,60,,,,,,,,
118,116,,,,,,,,,,
56,116,186,187,107,,,,,,,
56,100,26,154,,,,,,,,
98,86,90,,,,,,,,,
30,190,,,,,,,,,,
24,117,196,72,,,,,,,,
25,15,162,42,,,,,,,,
152,60,70,78,43,,,,,,,
60,141,132,,,,,,,,,
26,14,34,18,195,,,,,,,
15,5,135,195,,,,,,,,
187,39,16,123,4,78,,,,,,
187,16,123,20,,,,,,,,
87,2,132,187,140,,,,,,,
190,26,49,173,,,,,,,,
121,186,,,,,,,,,,
98,117,178,111,,,,,,,,
99,162,56,0,,,,,,,,
78,46,124,184,0,,,,,,,
102,194,94,,,,,,,,,
102,155,18,108,34,,,,,,,
98,175,196,14,,,,,,,,
16,57,188,,,,,,,,,
44,186,,,,,,,,,,
34,186,117,,,,,,,,,
32,3,26,177,187,113,,,,,,
194,60,16,160,21,132,117,,,,,
191,178,,,,,,,,,,
43,199,99,161,,,,,,,,
185,108,141,190,140,,,,,,,
185,184,14,9,,,,,,,,
8,194,47,14,,,,,,,,
191,5,186,19,,,,,,,,
115,190,188,1,,,,,,,,
60,18,44,,,,,,,,,
186,170,78,66,119,,,,,,,
163,121,181,100,,,,,,,,
116,30,181,141,,,,,,,,
141,,,,,,,,,,,
92,135,,,,,,,,,,
135,34,1,192,132,,,,,,,
99,183,29,,,,,,,,,
99,29,124,194,110,99,186,,,,,
1,163,123,2,10,41,35,,,,,
2,6,34,88,,,,,,,,
2,88,1,111,6,98,,,,,,
144,163,60,,,,,,,,,
144,163,60,132,42,,,,,,,
111,74,,,,,,,,,,
74,143,44,49,5,,,,,,,
77,60,194,115,178,,,,,,,
56,35,195,29,111,141,,,,,,
10,108,147,162,18,13,108,,,,,
108,143,18,111,18,,,,,,,
44,186,146,32,,,,,,,,
186,32,111,,,,,,,,,
121,124,131,194,77,,,,,,,
146,62,101,21,161,,,,,,,
62,172,116,,,,,,,,,
42,8,161,,,,,,,,,
129,196,,,,,,,,,,
137,162,108,163,185,170,132,,,,,
103,5,187,33,,,,,,,,
187,141,15,,,,,,,,,
136,18,67,,,,,,,,,
67,19,115,152,,,,,,,,
48,56,108,192,32,,,,,,,
64,46,181,170,67,19,190,,,,,
195,38,46,,,,,,,,,
110,24,67,60,91,12,,,,,,
68,153,,,,,,,,,,
153,56,18,112,,,,,,,,
67,191,121,,,,,,,,,
163,86,2,91,,,,,,,,
167,132,,,,,,,,,,
143,188,164,,,,,,,,,
6,38,67,18,,,,,,,,
38,170,156,,,,,,,,,
37,153,56,167,,,,,,,,
37,153,160,14,16,12,42,1,102,,,
42,191,167,195,186,170,111,26,,,,
56,115,183,14,191,12,,,,,,
16,14,129,,,,,,,,,
67,161,,,,,,,,,,
161,121,147,70,75,,,,,,,
115,191,,,,,,,,,,
188,170,129,32,,,,,,,,
121,67,100,192,14,,,,,,,
162,143,42,141,115,,,,,,,
184,137,20,18,115,46,86,133,,,,
16,128,177,139,102,,,,,,,
194,118,86,163,16,,,,,,,
4,,,,,,,,,,,
4,116,,,,,,,,,,
124,134,,,,,,,,,,
161,147,117,72,199,,,,,,,
33,11,116,170,,,,,,,,
24,54,154,,,,,,,,,
190,123,194,147,,,,,,,,
54,108,108,185,121,,,,,,,
72,44,,,,,,,,,,
44,186,37,161,154,,,,,,,
161,184,24,,,,,,,,,
26,38,166,,,,,,,,,
26,38,166,,,,,,,,,
186,191,11,14,167,186,15,31,,,,
11,167,186,182,146,187,100,,,,,
4,162,18,172,168,,,,,,,
189,170,35,186,,,,,,,,
34,123,115,32,140,,,,,,,
47,187,143,192,,,,,,,,
187,192,102,190,161,195,,,,,,
110,161,143,,,,,,,,,
186,101,195,,,,,,,,,
186,139,94,165,101,,,,,,,
128,91,23,14,,,,,,,,
128,161,21,48,20,138,49,170,,,,
77,34,14,195,138,101,,,,,,
14,34,78,1,,,,,,,,
34,34,186,18,,,,,,,,
34,34,166,,,,,,,,,
34,34,101,110,147,,,,,,,
120,198,117,199,143,,,,,,,
114,141,,,,,,,,,,
114,141,97,134,154,,,,,,,
185,190,4,168,,,,,,,,
191,170,,,,,,,,,,
34,21,,,,,,,,,,
21,40,187,33,166,,,,,,,
123,162,97,,,,,,,,,
123,97,18,84,,,,,,,,
18,84,161,91,,,,,,,,
136,163,138,,,,,,,,,
85,90,146,194,60,,,,,,,
134,110,141,32,74,194,,,,,,
191,90,90,,,,,,,,,
108,131,152,,,,,,,,,
86,194,87,,,,,,,,,
143,123,,,,,,,,,,
143,123,75,161,190,16,190,100,,,,
123,36,111,67,117,178,,,,,,
117,170,1,2,102,,,,,,,
158,161,145,185,56,115,,,,,,
110,107,168,,,,,,,,,
152,142,143,,,,,,,,,
196,162,197,,,,,,,,,
153,117,,,,,,,,,,
193,77,,,,,,,,,,
195,,,,,,,,,,,
108,76,111,68,35,144,,,,,,
6,67,141,,,,,,,,,
6,128,170,18,186,,,,,,,
170,78,186,163,,,,,,,,
191,135,,,,,,,,,,
186,15,16,185,83,46,,,,,,
134,,,,,,,,,,,
92,185,56,143,,,,,,,,
148,132,108,,,,,,,,,
21,134,129,,,,,,,,,
168,177,42,111,,,,,,,,
12,67,124,194,3,18,,,,,,
186,39,,,,,,,,,,
141,48,116,,,,,,,,,
116,94,147,182,128,15,,,,,,
94,188,48,132,67,110,,,,,,
134,1,118,177,,,,,,,,
72,,,,,,,,,,,
141,128,24,111,154,132,,,,,,
42,75,192,178,195,188,98,144,26,111,6,
191,186,186,144,,,,,,,,
124,56,146,47,192,112,,,,,,
146,8,14,162,,,,,,,,
159,110,191,116,18,,,,,,,
134,162,187,,,,,,,,,
60,44,186,34,12,,,,,,,
34,72,,,,,,,,,,
185,38,,,,,,,,,,
141,78,19,141,,,,,,,,
141,78,141,146,32,187,56,,,,,
12,78,56,184,57,,,,,,,
28,108,132,186,162,90,124,,,,,
90,14,111,186,100,,,,,,,
170,99,69,12,37,,,,,,,
12,110,72,162,,,,,,,,
1,152,102,,,,,,,,,
152,138,,,,,,,,,,
14,18,,,,,,,,,,
154,189,143,12,,,,,,,,
41,166,,,,,,,,,,
41,161,14,,,,,,,,,
161,6,,,,,,,,,,
77,2,18,175,91,,,,,,,
18,175,123,,,,,,,,,
18,30,42,67,,,,,,,,
186,19,,,,,,,,,,
108,13,154,195,14,,,,,,,
13,154,24,,,,,,,,,
4,136,,,,,,,,,,
60,192,14,,,,,,,,,
14,86,132,141,,,,,,,,
14,188,81,26,102,147,,,,,,
0,50,189,190,,,,,,,,
160,,,,,,,,,,,
64,32,,,,,,,,,,
12,135,189,144,,,,,,,,
149,14,186,,,,,,,,,
154,99,175,60,146,,,,,,,
138,190,199,,,,,,,,,
78,161,4,43,,,,,,,,
129,183,,,,,,,,,,
15,20,113,,,,,,,,,
190,6,,,,,,,,,,
190,6,5,34,178,179,,,,,,
119,4,141,,,,,,,,,
4,194,185,26,5,161,111,44,166,,,
75,166,19,146,,,,,,,,
14,117,14,75,172,56,,,,,,
56,170,,,,,,,,,,
14,146,19,185,190,,,,,,,
26,6,154,140,,,,,,,,
6,146,66,,,,,,,,,
39,18,,,,,,,,,,
28,187,131,185,155,68,,,,,,
4,111,60,6,146,,,,,,,
4,192,,,,,,,,,,
54,136,184,,,,,,,,,
72,185,,,,,,,,,,
28,112,170,,,,,,,,,
194,190,67,,,,,,,,,
194,190,67,141,,,,,,,,
15,,,,,,,,,,,
145,86,186,129,39,,,,,,,
145,186,129,29,19,88,99,,,,,
195,91,,,,,,,,,,
108,,,,,,,,,,,
18,121,15,110,,,,,,,,
146,199,100,86,161,,,,,,,
199,100,86,161,,,,,,,,
149,144,30,123,,,,,,,,
12,134,,,,,,,,,,
12,15,76,154,16,76,,,,,,
16,186,170,,,,,,,,,
16,186,170,194,18,185,,,,,,
161,163,78,43,160,19,34,194,,,,
194,162,110,108,170,,,,,,,
187,183,2,25,,,,,,,,
1,186,72,110,170,26,190,56,,,,
72,190,60,161,86,124,,,,,,
16,170,170,154,30,6,170,,,,,
144,35,167,199,34,,,,,,,
195,117,,,,,,,,,,
195,117,186,186,98,,,,,,,
141,15,110,,,,,,,,,
26,56,33,170,186,,,,,,,
56,170,110,19,,,,,,,,
3,32,110,,,,,,,,,
100,132,49,,,,,,,,,
100,132,72,,,,,,,,,
32,190,70,103,47,,,,,,,
103,73,190,,,,,,,,,
14,60,144,34,195,83,56,,,,,
14,91,187,146,195,,,,,,,
42,112,,,,,,,,,,
112,102,115,63,67,,,,,,,
138,,,,,,,,,,,
138,141,102,147,57,78,,,,,,
102,115,78,162,,,,,,,,
86,161,28,,,,,,,,,
153,179,30,152,,,,,,,,
141,60,67,173,32,128,,,,,,
102,37,144,98,14,195,,,,,,
195,108,132,,,,,,,,,
195,132,141,86,,,,,,,,
161,13,82,102,,,,,,,,
13,94,108,190,190,147,123,,,,,
190,196,81,1,121,,,,,,,
178,110,18,135,100,6,172,156,,,,
135,100,154,111,167,186,,,,,,
170,161,,,,,,,,,,
170,161,162,,,,,,,,,
21,161,14,,,,,,,,,
19,32,24,,,,,,,,,
100,4,154,140,,,,,,,,
4,154,56,78,99,3,,,,,,
0,67,67,194,,,,,,,,
186,121,,,,,,,,,,
39,194,10,146,18,,,,,,,
146,85,75,186,149,81,47,,,,,
4,46,135,140,,,,,,,,
135,163,,,,,,,,,,
175,19,33,116,,,,,,,,
37,181,108,,,,,,,,,
108,161,178,162,,,,,,,,
161,115,134,30,187,167,,,,,,
143,141,,,,,,,,,,
186,34,56,118,91,,,,,,,
118,163,187,,,,,,,,,
187,140,67,,,,,,,,,
2,143,121,144,,,,,,,,
163,115,170,90,,,,,,,,
75,118,50,138,186,132,,,,,,
75,78,91,,,,,,,,,
99,110,117,177,,,,,,,,
110,44,19,63,141,,,,,,,
16,141,83,151,161,,,,,,,
81,63,18,108,,,,,,,,
81,194,110,15,99,,,,,,,
162,124,,,,,,,,,,
1,116,63,,,,,,,,,
1,116,63,186,91,138,,,,,,
86,66,170,185,,,,,,,,
86,23,50,190,118,,,,,,,
19,14,,,,,,,,,,
49,,,,,,,,,,,
39,28,,,,,,,,,,
160,46,34,189,86,48,37,67,117,115,,
160,34,189,,,,,,,,,
192,122,192,,,,,,,,,
28,14,192,123,188,0,184,,,,,
179,136,1,86,90,,,,,,,
68,141,42,6,117,185,,,,,,
26,141,111,154,29,187,,,,,,
147,,,,,,,,,,,
147,99,141,12,28,162,190,5,,,,
154,102,38,,,,,,,,,
102,18,20,195,,,,,,,,
137,72,116,156,,,,,,,,
124,67,,,,,,,,,,
8,152,,,,,,,,,,
115,67,10,76,,,,,,,,
162,119,102,29,94,111,21,91,,,,
116,,,,,,,,,,,
116,118,86,35,,,,,,,,
70,190,99,195,163,,,,,,,
135,14,194,175,18,38,161,,,,,
179,170,120,37,,,,,,,,
186,172,185,161,36,75,,,,,,
15,141,,,,,,,,,,
87,129,85,44,194,48,,,,,,
178,134,,,,,,,,,,
115,56,87,39,48,5,132,16,,,,
111,16,97,,,,,,,,,
111,128,172,75,103,,,,,,,
48,170,,,,,,,,,,
48,131,66,195,116,,,,,,,
91,91,100,173,,,,,,,,
78,44,34,4,170,41,12,,,,,
117,123,121,85,,,,,,,,
124,46,3,170,,,,,,,,
46,2,2,86,,,,,,,,
94,103,14,8,186,,,,,,,
94,103,14,8,186,,,,,,,
86,102,10,34,,,,,,,,
21,60,2,161,,,,,,,,
115,18,141,115,137,134,,,,,,
115,60,110,161,19,72,,,,,,
161,123,111,118,,,,,,,,
74,136,110,34,194,,,,,,,
117,154,149,187,,,,,,,,
37,139,134,,,,,,,,,
187,26,,,,,,,,,,
87,138,185,,,,,,,,,
188,84,161,45,,,,,,,,
32,100,144,67,14,,,,,,,
172,177,108,161,,,,,,,,
161,181,11,111,175,117,,,,,,
175,141,195,19,,,,,,,,
142,128,134,185,,,,,,,,
185,67,0,11,163,,,,,,,
185,103,90,115,37,,,,,,,
145,138,145,113,,,,,,,,
76,56,18,94,26,160,24,,,,,
39,152,34,188,124,,,,,,,
39,152,187,,,,,,,,,
140,67,,,,,,,,,,
140,187,,,,,,,,,,
106,149,42,23,,,,,,,,
185,199,170,,,,,,,,,
141,43,187,,,,,,,,,
186,,,,,,,,,,,
29,86,5,,,,,,,,,
91,74,5,186,,,,,,,,
63,78,140,110,,,,,,,,
108,98,186,81,1,,,,,,,
108,98,85,56,38,,,,,,,
137,60,170,162,159,,,,,,,
132,160,145,78,89,1,,,,,,
91,108,68,170,,,,,,,,
175,162,,,,,,,,,,
2,43,90,86,158,,,,,,,
99,23,3,1,14,,,,,,,
99,175,18,56,,,,,,,,
110,117,,,,,,,,,,
18,111,,,,,,,,,,
185,32,,,,,,,,,,
186,21,18,34,,,,,,,,
115,145,99,170,,,,,,,,
137,170,72,158,,,,,,,,
137,170,158,168,167,,,,,,,
161,56,12,5,,,,,,,,
12,186,154,18,186,,,,,,,
0,186,,,,,,,,,,
86,132,87,186,59,,,,,,,
86,132,87,161,,,,,,,,
72,50,154,111,1,121,19,,,,,
154,186,151,19,,,,,,,,
186,19,67,111,193,19,18,134,,,,
186,111,193,18,170,110,147,,,,,
186,32,197,86,166,194,,,,,,
30,108,161,60,,,,,,,,
14,72,,,,,,,,,,
72,56,192,187,113,99,,,,,,
137,125,14,49,,,,,,,,
125,178,115,141,,,,,,,,
124,161,12,,,,,,,,,
57,44,60,144,146,13,,,,,,
14,4,6,86,154,,,,,,,
18,97,72,,,,,,,,,
116,185,173,34,161,,,,,,,
34,15,173,170,56,62,,,,,,
34,137,63,34,71,67,181,,,,,
78,117,85,4,178,189,,,,,,
190,,,,,,,,,,,
123,6,60,4,,,,,,,,
28,56,141,,,,,,,,,
195,186,147,,,,,,,,,
195,14,110,,,,,,,,,
110,86,,,,,,,,,,
110,110,78,,,,,,,,,
26,86,187,103,,,,,,,,
187,186,26,,,,,,,,,
190,,,,,,,,,,,
108,,,,,,,,,,,
185,26,18,,,,,,,,,
124,92,85,163,111,,,,,,,
159,15,162,194,,,,,,,,
34,125,,,,,,,,,,
166,117,41,,,,,,,,,
2,111,2,15,132,16,,,,,,
6,56,76,,,,,,,,,
16,49,19,,,,,,,,,
188,161,189,,,,,,,,,
188,161,189,163,34,152,194,70,87,,,
163,70,90,4,160,34,147,,,,,
123,16,161,18,2,,,,,,,
115,19,141,162,34,,,,,,,
19,141,162,34,192,,,,,,,
89,186,178,16,108,,,,,,,
67,186,191,48,33,,,,,,,
19,129,170,,,,,,,,,
66,98,143,123,186,186,,,,,,
186,110,177,67,105,186,10,,,,,
67,105,10,194,38,,,,,,,
162,113,30,6,6,,,,,,,
170,154,,,,,,,,,,
18,108,49,141,,,,,,,,
161,152,170,,,,,,,,,
161,26,,,,,,,,,,
142,72,24,,,,,,,,,
138,19,32,23,100,2,192,,,,,
175,112,152,,,,,,,,,
67,,,,,,,,,,,
34,54,137,,,,,,,,,
162,178,6,97,18,140,,,,,,
162,97,140,67,131,186,,,,,,
154,32,124,126,,,,,,,,
98,147,72,,,,,,,,,
185,16,,,,,,,,,,
16,187,18,65,,,,,,,,
146,9,134,197,91,152,,,,,,
9,18,112,21,,,,,,,,
11,14,,,,,,,,,,
84,72,,,,,,,,,,
163,18,,,,,,,,,,
57,110,179,160,,,,,,,,
5,186,87,18,6,32,108,,,,,
86,121,38,,,,,,,,,
67,186,194,,,,,,,,,
185,,,,,,,,,,,
32,181,142,,,,,,,,,
60,111,181,120,,,,,,,,
60,60,,,,,,,,,,
29,86,154,108,,,,,,,,
9,49,131,6,,,,,,,,
186,75,30,180,138,,,,,,,
159,56,100,,,,,,,,,
72,134,129,,,,,,,,,
134,129,42,117,,,,,,,,
143,196,187,108,18,83,,,,,,
3,117,143,146,197,134,,,,,,
49,19,43,177,186,191,100,161,,,,
56,93,154,185,123,,,,,,,
63,70,123,48,,,,,,,,
42,195,70,,,,,,,,,
42,129,195,,,,,,,,,
195,56,162,1,,,,,,,,
144,116,33,170,0,,,,,,,
144,116,123,108,178,42,,,,,,
178,42,,,,,,,,,,
178,42,142,,,,,,,,,
18,84,189,,,,,,,,,
18,84,189,51,67,124,38,170,,,,
154,6,33,,,,,,,,,
34,185,154,,,,,,,,,
185,148,43,,,,,,,,,
47,190,122,167,170,,,,,,,
161,81,,,,,,,,,,
161,48,108,,,,,,,,,
72,81,37,186,,,,,,,,
38,78,18,191,,,,,,,,
154,35,,,,,,,,,,
35,135,10,192,0,,,,,,,
49,124,190,1,,,,,,,,
1,63,18,14,195,86,,,,,,
46,195,49,194,,,,,,,,
48,44,12,116,,,,,,,,
189,170,18,199,144,194,78,86,,,,
159,194,56,90,,,,,,,,
194,189,138,,,,,,,,,
179,85,166,186,194,,,,,,,
194,22,19,48,,,,,,,,
22,160,60,121,75,188,,,,,,
134,188,,,,,,,,,,
103,185,,,,,,,,,,
22,108,131,,,,,,,,,
22,118,141,34,65,154,,,,,,
86,166,110,113,,,,,,,,
113,,,,,,,,,,,
113,170,194,,,,,,,,,
24,42,47,103,123,,,,,,,
161,15,34,60,133,,,,,,,
32,112,28,,,,,,,,,
141,101,16,,,,,,,,,
19,105,19,38,,,,,,,,
46,46,,,,,,,,,,
188,26,117,140,,,,,,,,
131,46,,,,,,,,,,
131,46,16,67,26,189,19,108,103,,,
141,144,,,,,,,,,,
180,141,97,186,37,,,,,,,
97,29,118,,,,,,,,,
10,89,12,,,,,,,,,
160,31,,,,,,,,,,
100,0,,,,,,,,,,
43,11,,,,,,,,,,
185,14,,,,,,,,,,
187,140,144,56,124,102,124,,,,,
35,62,70,,,,,,,,,
141,196,192,192,14,117,187,,,,,
172,186,136,,,,,,,,,
136,170,154,,,,,,,,,
14,160,56,,,,,,,,,
84,85,48,170,,,,,,,,
76,71,,,,,,,,,,
154,77,,,,,,,,,,
48,153,6,159,,,,,,,,
48,6,34,140,76,18,,,,,,
196,140,145,46,86,18,45,30,,,,
15,161,194,,,,,,,,,
110,3,72,,,,,,,,,
143,18,195,181,49,136,,,,,,
18,195,181,16,89,,,,,,,
178,132,146,136,16,,,,,,,
146,136,81,,,,,,,,,
136,178,122,185,,,,,,,,
37,147,195,172,36,,,,,,,
11,78,22,195,,,,,,,,
14,30,,,,,,,,,,
86,56,102,151,186,56,,,,,,
86,186,132,186,,,,,,,,
108,60,,,,,,,,,,
108,23,178,43,56,,,,,,,
23,178,56,28,96,154,180,,,,,
194,115,188,67,111,140,,,,,,
16,117,66,91,195,117,,,,,,
188,141,117,60,,,,,,,,
101,14,81,,,,,,,,,
37,72,110,,,,,,,,,
190,116,132,,,,,,,,,
188,108,23,,,,,,,,,
43,186,194,191,147,,,,,,,
191,0,56,,,,,,,,,
167,92,91,50,,,,,,,,
108,127,170,,,,,,,,,
91,32,30,11,106,,,,,,,
30,152,63,67,,,,,,,,
178,141,41,36,,,,,,,,
32,186,,,,,,,,,,
56,32,31,46,,,,,,,,
42,175,89,38,56,,,,,,,
86,,,,,,,,,,,
117,190,116,140,56,,,,,,,
97,194,152,18,49,68,,,,,,
147,121,,,,,,,,,,
147,161,124,86,70,42,39,,,,,
190,194,110,,,,,,,,,
22,172,154,140,,,,,,,,
1,34,132,199,15,141,143,,,,,
89,,,,,,,,,,,
89,163,28,15,26,,,,,,,
110,181,121,117,,,,,,,,
44,172,,,,,,,,,,
172,101,91,,,,,,,,,
30,14,170,140,18,70,,,,,,
18,186,191,67,57,,,,,,,
116,18,,,,,,,,,,
18,111,,,,,,,,,,
194,18,191,,,,,,,,,
177,186,63,,,,,,,,,
67,5,,,,,,,,,,
67,12,,,,,,,,,,
12,4,,,,,,,,,,
4,14,8,39,,,,,,,,
187,72,12,162,,,,,,,,
81,125,83,132,187,35,121,,,,,
56,,,,,,,,,,,
56,154,102,,,,,,,,,
102,67,161,140,30,194,146,14,,,,
111,90,,,,,,,,,,
194,186,,,,,,,,,,
18,,,,,,,,,,,
86,194,74,,,,,,,,,
90,11,116,,,,,,,,,
30,118,56,,,,,,,,,
19,116,6,85,19,162,116,,,,,
195,72,,,,,,,,,,
132,170,,,,,,,,,,
57,194,132,67,86,,,,,,,
42,138,89,152,169,67,,,,,,
151,,,,,,,,,,,
151,140,,,,,,,,,,
151,147,,,,,,,,,,
140,186,170,116,49,,,,,,,
170,34,16,187,,,,,,,,
162,37,5,187,112,110,,,,,,
162,186,154,195,34,,,,,,,
3,151,,,,,,,,,,
194,187,86,,,,,,,,,
111,186,30,107,,,,,,,,
111,18,89,122,,,,,,,,
187,86,159,56,87,49,,,,,,
90,64,4,28,109,,,,,,,
28,86,161,,,,,,,,,
72,,,,,,,,,,,
44,170,,,,,,,,,,
14,141,1,19,161,,,,,,,
30,110,115,194,86,91,,,,,,
187,70,146,141,111,0,,,,,,
161,136,4,166,,,,,,,,
138,70,178,33,,,,,,,,
111,37,,,,,,,,,,
37,108,132,121,84,24,108,,,,,
108,98,15,,,,,,,,,
183,178,120,196,,,,,,,,
123,19,189,,,,,,,,,
159,86,,,,,,,,,,
152,20,28,86,,,,,,,,
117,186,,,,,,,,,,
60,117,34,185,34,,,,,,,
41,115,143,39,162,186,,,,,,
136,86,151,60,187,,,,,,,
72,186,,,,,,,,,,
186,116,66,,,,,,,,,
66,75,67,,,,,,,,,
151,184,121,178,,,,,,,,
184,75,160,195,125,,,,,,,
125,147,30,,,,,,,,,
12,,,,,,,,,,,
12,30,161,186,,,,,,,,
117,102,6,,,,,,,,,
161,67,30,,,,,,,,,
161,67,30,19,49,,,,,,,
34,88,163,100,186,72,,,,,,
29,39,41,57,34,46,,,,,,
172,192,56,175,195,,,,,,,
57,110,181,164,148,49,147,196,,,,
46,194,108,108,148,,,,,,,
46,194,108,108,46,,,,,,,
12,121,170,,,,,,,,,
60,,,,,,,,,,,
60,,,,,,,,,,,
60,86,72,166,77,111,11,69,42,,,
34,51,,,,,,,,,,
34,90,144,141,,,,,,,,
6,,,,,,,,,,,
152,191,111,186,34,4,170,,,,,
18,124,56,112,16,63,,,,,,
72,141,154,,,,,,,,,
140,170,,,,,,,,,,
170,75,117,28,197,,,,,,,
30,,,,,,,,,,,
30,186,151,116,54,85,,,,,,
154,57,69,,,,,,,,,
57,108,117,102,105,,,,,,,
57,110,,,,,,,,,,
57,110,158,117,24,87,,,,,,
60,179,0,91,14,,,,,,,
99,67,89,,,,,,,,,
161,60,15,33,102,148,,,,,,
115,170,189,47,,,,,,,,
195,48,60,144,,,,,,,,
195,,,,,,,,,,,
110,86,11,144,22,,,,,,,
18,,,,,,,,,,,
43,141,124,111,132,72,117,,,,,
183,,,,,,,,,,,
99,11,87,,,,,,,,,
124,152,74,128,91,19,187,124,,,,
56,144,146,131,149,35,,,,,,
78,136,117,138,6,49,18,,,,,
78,18,186,101,,,,,,,,
90,186,35,132,195,,,,,,,
91,170,13,187,,,,,,,,
124,183,108,,,,,,,,,
124,14,161,,,,,,,,,
134,191,,,,,,,,,,
134,26,24,99,185,,,,,,,
111,29,2,102,34,,,,,,,
29,144,121,,,,,,,,,
103,101,141,128,,,,,,,,
75,,,,,,,,,,,
35,170,16,,,,,,,,,
170,184,134,185,117,1,57,,,,,
181,50,30,,,,,,,,,
181,84,62,108,,,,,,,,
84,31,31,,,,,,,,,
166,194,15,12,,,,,,,,
166,194,15,44,,,,,,,,
4,32,4,,,,,,,,,
32,75,78,28,,,,,,,,
6,186,,,,,,,,,,
141,108,170,15,,,,,,,,
154,119,111,6,,,,,,,,
170,,,,,,,,,,,
5,60,59,132,194,146,,,,,,
60,117,0,185,,,,,,,,
19,110,46,14,30,,,,,,,
135,,,,,,,,,,,
187,48,132,,,,,,,,,
29,110,86,34,140,,,,,,,
39,11,,,,,,,,,,
102,19,123,48,,,,,,,,
59,118,18,,,,,,,,,
59,18,6,46,86,102,162,,,,,
108,192,116,,,,,,,,,
144,23,,,,,,,,,,
43,2,136,190,108,191,,,,,,
67,33,132,188,,,,,,,,
108,93,124,,,,,,,,,
101,3,134,56,163,,,,,,,
190,186,186,100,,,,,,,,
46,,,,,,,,,,,
103,19,178,83,35,97,184,,,,,
163,117,111,192,,,,,,,,
56,180,162,154,73,,,,,,,
180,6,187,72,86,164,,,,,,
106,60,30,162,132,,,,,,,
55,,,,,,,,,,,
190,39,113,,,,,,,,,
170,4,16,131,,,,,,,,
67,87,68,62,188,2,,,,,,
56,,,,,,,,,,,
16,,,,,,,,,,,
110,185,136,115,,,,,,,,
115,86,,,,,,,,,,
154,113,4,194,192,,,,,,,
181,185,56,117,,,,,,,,
48,45,135,67,57,144,157,110,,,,
63,35,194,67,161,,,,,,,
63,194,161,56,108,,,,,,,
161,178,111,149,60,4,60,144,,,,
149,47,,,,,,,,,,
136,,,,,,,,,,,
186,5,,,,,,,,,,
186,123,102,56,,,,,,,,
86,1,4,86,,,,,,,,
78,154,46,187,143,115,,,,,,
143,31,83,44,,,,,,,,
143,31,34,125,98,170,,,,,,
85,49,104,22,190,19,,,,,,
85,49,22,190,16,110,77,,,,,
102,60,141,132,32,,,,,,,
102,60,132,32,46,,,,,,,
91,14,,,,,,,,,,
182,160,19,141,186,,,,,,,
186,130,178,162,18,,,,,,,
116,67,86,,,,,,,,,
192,117,0,187,34,144,60,70,,,,
60,190,28,155,143,39,,,,,,
141,108,16,,,,,,,,,
29,,,,,,,,,,,
5,190,97,101,12,,,,,,,
12,,,,,,,,,,,
12,186,190,117,56,146,90,,,,,
169,6,131,194,134,16,,,,,,
196,31,18,160,,,,,,,,
6,123,6,144,,,,,,,,
112,76,,,,,,,,,,
160,20,6,30,,,,,,,,
121,5,38,,,,,,,,,
