322,504,18,592,458,768,802,,,,,
270,526,129,,,,,,,,,
531,829,946,,,,,,,,,
759,659,,,,,,,,,,
550,792,967,,,,,,,,,
67,345,,,,,,,,,,
868,858,827,239,,,,,,,,
239,878,638,479,650,,,,,,,
615,,,,,,,,,,,
539,214,,,,,,,,,,
622,912,690,,,,,,,,,
622,584,961,605,,,,,,,,
891,341,368,839,,,,,,,,
527,733,653,589,698,,,,,,,
599,194,723,301,38,816,533,898,564,143,,
622,,,,,,,,,,,
241,135,191,710,,,,,,,,
18,640,516,593,,,,,,,,
793,,,,,,,,,,,
645,626,135,625,221,,,,,,,
35,406,422,328,,,,,,,,
945,402,425,162,,,,,,,,
319,44,,,,,,,,,,
190,919,858,583,187,,,,,,,
427,675,408,46,19,319,,,,,,
408,162,595,203,473,210,408,,,,,
408,207,331,641,368,41,,,,,,
489,416,922,562,,,,,,,,
416,117,979,,,,,,,,,
618,505,744,702,,,,,,,,
219,641,494,12,,,,,,,,
738,,,,,,,,,,,
962,639,523,614,195,,,,,,,
140,523,394,559,437,,,,,,,
140,619,60,239,,,,,,,,
619,60,318,691,,,,,,,,
191,487,,,,,,,,,,
686,653,23,323,185,28,543,,,,,
797,798,912,304,,,,,,,,
589,690,425,180,704,756,48,,,,,
653,878,,,,,,,,,,
628,741,132,967,478,,,,,,,
504,805,254,566,375,,,,,,,
566,375,898,202,308,,,,,,,
144,451,187,239,207,,,,,,,
384,992,438,898,621,,,,,,,
879,419,,,,,,,,,,
889,492,,,,,,,,,,
425,346,523,221,536,504,552,,,,,
813,286,301,67,28,,,,,,,
92,964,140,523,,,,,,,,
964,625,538,258,433,,,,,,,
334,869,595,219,56,141,143,595,652,,,
895,829,,,,,,,,,,
895,617,252,415,,,,,,,,
188,878,203,179,405,60,,,,,,
141,667,876,981,,,,,,,,
318,867,959,595,589,267,67,75,,,,
388,319,186,,,,,,,,,
341,335,778,,,,,,,,,
172,160,582,388,310,,,,,,,
922,60,,,,,,,,,,
241,751,189,,,,,,,,,
751,800,639,636,115,,,,,,,
427,429,274,,,,,,,,,
724,,,,,,,,,,,
99,741,186,32,932,,,,,,,
905,709,,,,,,,,,,
542,822,692,47,,,,,,,,
645,769,899,405,,,,,,,,
645,769,186,860,147,,,,,,,
501,276,,,,,,,,,,
501,276,668,932,250,,,,,,,
491,33,189,408,,,,,,,,
331,828,,,,,,,,,,
692,,,,,,,,,,,
692,221,917,,,,,,,,,
191,250,553,112,141,46,,,,,,
250,46,881,175,77,177,,,,,,
46,479,409,501,267,210,,,,,,
671,138,981,792,261,586,628,,,,,
593,883,492,746,869,,,,,,,
270,691,262,696,67,502,,,,,,
932,649,,,,,,,,,,
307,938,286,,,,,,,,,
194,138,39,478,,,,,,,,
14,858,141,485,615,458,319,478,582,,,
615,152,218,,,,,,,,,
629,448,242,,,,,,,,,
242,628,395,,,,,,,,,
395,879,532,,,,,,,,,
395,879,532,658,34,,,,,,,
395,879,532,658,34,34,523,,,,,
425,123,918,852,,,,,,,,
918,852,742,20,769,523,30,,,,,
32,366,544,,,,,,,,,
366,857,798,828,,,,,,,,
858,85,772,466,,,,,,,,
923,426,614,599,,,,,,,,
614,456,905,338,43,186,,,,,,
212,533,773,706,772,,,,,,,
797,750,860,184,387,,,,,,,
489,334,12,,,,,,,,,
489,334,12,492,,,,,,,,
318,899,214,963,850,607,,,,,,
704,603,395,327,428,202,847,,,,,
327,202,847,336,,,,,,,,
847,336,49,,,,,,,,,
221,504,166,,,,,,,,,
185,831,,,,,,,,,,
735,569,159,,,,,,,,,
159,449,662,123,,,,,,,,
384,915,479,111,,,,,,,,
396,617,261,330,531,646,244,401,,,,
617,599,442,549,852,,,,,,,
32,,,,,,,,,,,
117,587,,,,,,,,,,
394,964,323,,,,,,,,,
184,917,652,770,,,,,,,,
802,571,970,,,,,,,,,
740,124,920,162,86,690,,,,,,
981,,,,,,,,,,,
917,178,229,542,,,,,,,,
831,,,,,,,,,,,
869,523,43,,,,,,,,,
43,749,595,111,868,,,,,,,
388,989,501,,,,,,,,,
880,462,,,,,,,,,,
462,170,601,,,,,,,,,
170,978,677,,,,,,,,,
194,110,923,,,,,,,,,
659,19,269,662,,,,,,,,
111,636,47,134,34,128,,,,,,
47,134,128,,,,,,,,,
60,229,39,245,,,,,,,,
245,872,555,,,,,,,,,
245,527,416,783,,,,,,,,
633,867,115,709,440,925,,,,,,
709,270,701,827,868,,,,,,,
709,959,,,,,,,,,,
699,750,239,5,141,,,,,,,
430,448,190,946,704,123,,,,,,
448,190,946,624,649,,,,,,,
123,384,2,685,111,,,,,,,
123,384,693,751,898,241,,,,,,
614,143,68,172,,,,,,,,
200,905,807,440,867,,,,,,,
267,920,221,448,869,43,,,,,,
755,831,992,,,,,,,,,
805,576,159,22,221,,,,,,,
951,950,364,386,351,,,,,,,
129,741,737,830,539,185,601,214,599,595,,
830,110,867,2,746,,,,,,,
891,277,,,,,,,,,,
891,298,,,,,,,,,,
891,298,886,479,680,313,241,151,,,,
135,876,307,676,608,,,,,,,
98,30,934,,,,,,,,,
244,558,,,,,,,,,,
315,478,253,,,,,,,,,
419,400,792,409,,,,,,,,
419,400,628,440,202,596,,,,,,
419,202,844,395,,,,,,,,
14,438,,,,,,,,,,
861,308,811,,,,,,,,,
222,441,14,589,,,,,,,,
481,305,546,,,,,,,,,
944,868,431,920,558,310,545,875,,,,
625,,,,,,,,,,,
589,154,108,,,,,,,,,
439,26,,,,,,,,,,
417,656,703,,,,,,,,,
656,515,121,829,267,614,,,,,,
614,408,,,,,,,,,,
552,672,691,720,210,,,,,,,
828,19,364,301,742,,,,,,,
909,329,747,,,,,,,,,
593,422,,,,,,,,,,
409,321,274,,,,,,,,,
358,702,458,896,10,,,,,,,
117,730,950,959,,,,,,,,
853,792,455,,,,,,,,,
853,305,498,,,,,,,,,
427,316,735,,,,,,,,,
427,316,735,671,301,,,,,,,
909,618,549,,,,,,,,,
34,202,846,657,718,,,,,,,
41,797,283,,,,,,,,,
616,336,898,862,,,,,,,,
617,723,791,350,81,,,,,,,
723,791,262,308,431,,,,,,,
358,737,646,435,374,111,,,,,,
981,735,281,539,56,194,30,963,,,,
773,741,702,,,,,,,,,
163,185,829,186,891,,,,,,,
279,545,,,,,,,,,,
308,152,270,654,811,928,,,,,,
308,152,654,811,928,,,,,,,
916,431,552,600,,,,,,,,
916,431,499,330,,,,,,,,
108,967,863,740,,,,,,,,
108,967,514,562,,,,,,,,
833,,,,,,,,,,,
267,186,220,,,,,,,,,
186,489,557,700,12,,,,,,,
186,338,724,,,,,,,,,
797,190,,,,,,,,,,
308,431,310,879,285,,,,,,,
285,300,609,,,,,,,,,
396,649,14,460,,,,,,,,
536,589,613,,,,,,,,,
322,,,,,,,,,,,
735,170,859,254,691,878,692,,,,,
276,454,938,854,652,,,,,,,
191,86,433,318,308,,,,,,,
625,511,,,,,,,,,,
511,34,93,100,,,,,,,,
410,774,852,,,,,,,,,
852,735,478,,,,,,,,,
478,614,315,408,,,,,,,,
746,474,944,,,,,,,,,
746,425,861,326,,,,,,,,
781,239,640,,,,,,,,,
118,680,789,,,,,,,,,
917,14,349,755,,,,,,,,
917,123,748,219,,,,,,,,
219,626,26,123,194,569,87,,,,,
618,928,445,189,,,,,,,,
184,977,524,244,,,,,,,,
923,966,562,,,,,,,,,
244,721,279,963,866,,,,,,,
56,308,639,,,,,,,,,
889,668,,,,,,,,,,
668,4,931,741,,,,,,,,
481,744,657,946,,,,,,,,
852,364,221,668,308,,,,,,,
234,966,43,431,,,,,,,,
704,656,577,168,,,,,,,,
178,821,,,,,,,,,,
593,997,13,30,936,,,,,,,
595,429,518,390,,,,,,,,
831,892,318,493,797,916,,,,,,
545,821,844,451,931,0,607,878,,,,
732,659,221,478,,,,,,,,
614,,,,,,,,,,,
41,221,116,,,,,,,,,
187,774,,,,,,,,,,
187,774,221,,,,,,,,,
318,815,443,,,,,,,,,
318,676,266,,,,,,,,,
221,346,878,993,339,,,,,,,
906,14,773,230,773,,,,,,,
162,444,,,,,,,,,,
324,384,670,526,,,,,,,,
824,121,,,,,,,,,,
589,199,482,620,,,,,,,,
163,366,431,,,,,,,,,
988,615,,,,,,,,,,
857,108,408,,,,,,,,,
857,239,595,186,979,,,,,,,
186,827,413,426,,,,,,,,
912,146,668,202,,,,,,,,
417,221,737,235,495,,,,,,,
101,75,286,218,925,792,,,,,,
275,395,916,,,,,,,,,
542,544,244,,,,,,,,,
533,146,848,,,,,,,,,
659,345,807,850,,,,,,,,
616,774,170,,,,,,,,,
66,712,,,,,,,,,,
341,86,692,829,,,,,,,,
48,441,593,860,,,,,,,,
266,720,,,,,,,,,,
721,91,670,766,597,704,967,70,196,,,
967,63,768,680,,,,,,,,
768,103,396,802,958,639,,,,,,
16,931,455,850,,,,,,,,
874,889,,,,,,,,,,
752,404,288,60,,,,,,,,
752,404,288,60,952,703,368,,,,,
981,249,162,3,,,,,,,,
609,131,255,,,,,,,,,
518,470,253,,,,,,,,,
875,831,,,,,,,,,,
117,440,850,108,702,173,,,,,,
492,586,681,861,959,,,,,,,
801,140,21,595,117,,,,,,,
854,78,903,204,519,650,978,,,,,
650,401,1,104,250,,,,,,,
115,433,644,479,258,768,,,,,,
295,701,91,741,972,,,,,,,
295,876,562,,,,,,,,,
831,916,186,1,,,,,,,,
60,,,,,,,,,,,
42,459,869,192,964,308,498,916,2,,,
523,102,270,267,,,,,,,,
318,,,,,,,,,,,
739,20,132,335,351,56,,,,,,
739,186,441,194,709,,,,,,,
735,899,521,,,,,,,,,
345,343,478,427,266,,,,,,,
343,266,709,739,562,946,222,,,,,
915,494,867,60,,,,,,,,
980,585,819,,,,,,,,,
186,778,653,583,703,408,,,,,,
66,32,958,717,677,,,,,,,
132,491,395,720,,,,,,,,
690,452,,,,,,,,,,
427,77,339,117,531,166,154,434,,,,
384,635,37,,,,,,,,,
365,44,,,,,,,,,,
365,63,70,221,,,,,,,,
704,858,99,190,170,,,,,,,
99,641,426,,,,,,,,,
630,113,177,,,,,,,,,
113,592,449,936,781,,,,,,,
562,18,667,285,0,704,,,,,,
18,285,704,239,300,,,,,,,
18,285,704,239,300,731,852,187,,,,
239,56,608,431,,,,,,,,
163,932,,,,,,,,,,
351,691,585,224,78,267,,,,,,
83,880,375,,,,,,,,,
861,831,319,,,,,,,,,
831,531,93,659,626,641,593,447,,,,
365,124,774,258,,,,,,,,
13,709,313,878,617,654,636,,,,,
72,562,613,923,645,732,,,,,,
741,783,504,,,,,,,,,
213,934,,,,,,,,,,
345,738,895,609,,,,,,,,
941,593,79,,,,,,,,,
185,175,410,18,,,,,,,,
56,144,,,,,,,,,,
144,304,,,,,,,,,,
304,89,86,,,,,,,,,
89,878,738,526,514,438,375,,,,,
550,310,855,,,,,,,,,
474,384,72,568,,,,,,,,
389,550,932,,,,,,,,,
117,409,987,470,444,420,,,,,,
724,833,214,186,,,,,,,,
724,833,214,186,923,826,,,,,,
326,,,,,,,,,,,
326,435,116,526,813,,,,,,,
526,351,322,20,230,443,,,,,,
656,123,309,,,,,,,,,
162,987,245,,,,,,,,,
184,278,39,,,,,,,,,
858,896,541,146,923,,,,,,,
541,801,773,279,878,,,,,,,
93,265,593,993,,,,,,,,
993,617,653,86,331,,,,,,,
932,348,715,523,274,,,,,,,
145,984,991,14,478,,,,,,,
241,261,,,,,,,,,,
86,213,192,455,919,492,406,,,,,
653,589,932,307,,,,,,,,
441,649,277,219,933,,,,,,,
441,420,878,,,,,,,,,
905,549,220,431,,,,,,,,
370,555,618,,,,,,,,,
186,718,648,110,34,152,,,,,,
740,324,850,,,,,,,,,
740,605,439,244,,,,,,,,
77,324,76,170,368,507,,,,,,
149,331,199,778,292,703,,,,,,
471,308,824,494,,,,,,,,
308,241,,,,,,,,,,
308,241,161,321,413,67,,,,,,
241,321,47,615,,,,,,,,
241,294,190,,,,,,,,,
186,576,345,,,,,,,,,
143,166,905,,,,,,,,,
657,106,,,,,,,,,,
30,664,690,355,617,,,,,,,
34,822,626,737,612,748,739,,,,,
704,166,125,495,,,,,,,,
495,893,186,,,,,,,,,
709,,,,,,,,,,,
239,220,917,,,,,,,,,
959,103,239,0,316,,,,,,,
538,190,739,,,,,,,,,
190,111,,,,,,,,,,
111,319,218,310,403,370,,,,,,
319,188,455,438,468,,,,,,,
858,259,709,792,,,,,,,,
51,246,67,,,,,,,,,
26,170,102,588,234,827,,,,,,
328,507,593,194,863,527,,,,,,
447,390,493,308,,,,,,,,
493,111,593,408,,,,,,,,
273,521,773,614,,,,,,,,
152,984,124,,,,,,,,,
875,504,577,,,,,,,,,
161,170,,,,,,,,,,
170,277,233,351,844,,,,,,,
666,563,90,120,,,,,,,,
74,240,131,849,608,747,829,741,,,,
74,131,623,,,,,,,,,
533,46,245,215,552,,,,,,,
992,372,403,875,66,,,,,,,
642,448,154,225,81,542,,,,,,
321,895,507,768,824,,,,,,,
669,184,733,959,867,776,,,,,,
831,659,37,477,992,,,,,,,
831,659,37,477,,,,,,,,
545,32,978,562,538,,,,,,,
915,542,567,741,307,67,852,,,,,
408,605,527,99,406,5,,,,,,
981,56,653,340,,,,,,,,
694,679,,,,,,,,,,
141,732,408,,,,,,,,,
429,680,524,984,400,308,,,,,,
318,977,985,725,,,,,,,,
725,561,912,538,406,,,,,,,
725,561,406,50,252,,,,,,,
117,479,934,234,159,524,149,706,,,,
240,268,886,533,,,,,,,,
240,886,533,170,919,,,,,,,
199,737,597,994,737,,,,,,,
319,819,221,773,912,162,,,,,,
403,959,,,,,,,,,,
60,712,196,57,601,,,,,,,
601,822,659,,,,,,,,,
601,715,876,319,86,,,,,,,
766,737,56,906,623,,,,,,,
623,809,723,848,,,,,,,,
416,434,30,186,,,,,,,,
829,803,621,524,896,608,,,,,,
409,524,746,,,,,,,,,
425,778,958,589,448,489,160,,,,,
425,457,,,,,,,,,,
451,321,599,,,,,,,,,
321,987,514,468,348,,,,,,,
18,692,400,,,,,,,,,
792,837,473,616,423,,,,,,,
792,394,730,318,,,,,,,,
478,349,615,100,653,491,,,,,,
930,121,244,990,,,,,,,,
260,,,,,,,,,,,
321,639,19,,,,,,,,,
660,72,,,,,,,,,,
747,600,928,313,755,,,,,,,
308,,,,,,,,,,,
242,626,767,,,,,,,,,
595,778,,,,,,,,,,
600,878,663,,,,,,,,,
60,435,632,474,,,,,,,,
60,549,849,,,,,,,,,
318,886,799,1,,,,,,,,
221,,,,,,,,,,,
46,317,979,858,245,351,,,,,,
321,512,,,,,,,,,,
512,564,966,600,348,,,,,,,
39,143,951,532,,,,,,,,
247,258,852,,,,,,,,,
914,892,527,113,718,,,,,,,
552,118,567,141,,,,,,,,
19,141,595,,,,,,,,,
141,593,,,,,,,,,,
718,,,,,,,,,,,
194,,,,,,,,,,,
403,950,329,,,,,,,,,
121,797,395,,,,,,,,,
901,857,5,239,,,,,,,,
805,866,712,582,,,,,,,,
614,155,102,827,24,,,,,,,
155,24,868,427,113,358,868,244,580,718,56,
131,809,512,,,,,,,,,
512,704,901,985,724,388,,,,,,
43,755,,,,,,,,,,
308,202,684,566,829,,,,,,,
202,482,628,739,668,,,,,,,
739,733,401,694,,,,,,,,
552,401,86,,,,,,,,,
733,224,709,258,889,274,,,,,,
11,704,288,99,400,,,,,,,
618,194,110,778,920,831,357,,,,,
194,587,588,,,,,,,,,
681,,,,,,,,,,,
681,413,239,593,,,,,,,,
350,699,175,389,863,,,,,,,
421,402,741,313,,,,,,,,
725,121,494,668,,,,,,,,
439,19,703,220,,,,,,,,
21,389,546,99,413,,,,,,,
21,389,546,99,,,,,,,,
899,671,851,75,,,,,,,,
735,113,161,920,224,,,,,,,
113,161,756,618,425,614,,,,,,
170,183,265,271,,,,,,,,
265,138,578,768,978,,,,,,,
138,186,79,221,,,,,,,,
878,842,308,992,,,,,,,,
967,680,323,210,774,593,,,,,,
60,,,,,,,,,,,
798,18,318,769,,,,,,,,
318,614,653,724,,,,,,,,
31,527,288,,,,,,,,,
754,210,258,,,,,,,,,
210,809,389,,,,,,,,,
254,991,808,807,,,,,,,,
387,364,,,,,,,,,,
366,60,378,635,337,,,,,,,
199,244,909,179,563,,,,,,,
56,244,850,860,422,748,478,589,,,,
959,577,357,336,,,,,,,,
577,336,588,144,,,,,,,,
598,366,718,941,366,,,,,,,
499,878,438,802,,,,,,,,
499,449,870,524,268,,,,,,,
368,43,709,396,221,467,,,,,,
792,720,614,215,186,60,215,624,,,,
821,110,739,,,,,,,,,
831,618,427,19,390,346,,,,,,
831,601,67,663,619,449,311,,,,,
425,506,574,43,,,,,,,,
275,,,,,,,,,,,
635,563,504,75,485,739,,,,,,
19,443,,,,,,,,,,
221,459,,,,,,,,,,
198,569,,,,,,,,,,
585,230,154,828,789,,,,,,,
138,481,589,108,595,671,186,,,,,
589,437,829,984,,,,,,,,
504,240,276,,,,,,,,,
925,593,,,,,,,,,,
562,,,,,,,,,,,
917,,,,,,,,,,,
364,271,,,,,,,,,,
271,829,190,949,,,,,,,,
846,,,,,,,,,,,
984,31,578,419,,,,,,,,
472,209,998,34,,,,,,,,
589,666,,,,,,,,,,
322,523,,,,,,,,,,
523,915,699,617,308,,,,,,,
132,601,498,958,,,,,,,,
301,60,474,,,,,,,,,
301,690,322,568,408,,,,,,,
22,47,,,,,,,,,,
733,13,,,,,,,,,,
26,300,527,,,,,,,,,
492,384,444,776,310,492,,,,,,
492,959,241,,,,,,,,,
959,241,595,959,,,,,,,,
603,315,349,,,,,,,,,
192,595,657,,,,,,,,,
390,670,406,878,,,,,,,,
878,190,286,132,,,,,,,,
489,748,319,,,,,,,,,
308,449,408,186,,,,,,,,
529,854,,,,,,,,,,
544,221,,,,,,,,,,
117,948,857,,,,,,,,,
384,470,593,,,,,,,,,
833,706,427,,,,,,,,,
636,324,396,271,388,,,,,,,
396,388,69,739,283,,,,,,,
980,912,889,831,,,,,,,,
262,86,850,,,,,,,,,
664,690,732,514,339,,,,,,,
43,34,,,,,,,,,,
946,626,452,618,,,,,,,,
809,500,,,,,,,,,,
490,265,67,,,,,,,,,
966,657,427,81,737,,,,,,,
966,81,16,800,912,125,616,67,238,,,
616,319,596,247,492,,,,,,,
380,301,663,490,,,,,,,,
301,873,555,507,578,879,618,,,,,
218,74,221,968,875,,,,,,,
641,868,357,191,,,,,,,,
500,117,178,,,,,,,,,
178,145,1,18,,,,,,,,
145,478,147,,,,,,,,,
739,868,,,,,,,,,,
233,111,918,873,668,778,445,,,,,
188,858,152,997,539,,,,,,,
188,858,152,997,539,,,,,,,
785,376,867,,,,,,,,,
867,,,,,,,,,,,
554,587,500,324,270,288,,,,,,
635,951,,,,,,,,,,
773,733,,,,,,,,,,
48,401,408,,,,,,,,,
6,186,580,939,,,,,,,,
142,593,979,,,,,,,,,
67,952,235,,,,,,,,,
67,912,183,,,,,,,,,
178,587,221,,,,,,,,,
639,589,,,,,,,,,,
441,476,545,,,,,,,,,
305,605,,,,,,,,,,
389,438,308,491,,,,,,,,
362,959,521,56,406,,,,,,,
531,614,162,749,,,,,,,,
218,852,610,544,,,,,,,,
364,291,243,,,,,,,,,
170,523,262,749,680,,,,,,,
170,262,21,334,,,,,,,,
989,220,324,,,,,,,,,
244,168,424,211,778,141,,,,,,
660,161,423,917,992,91,,,,,,
443,,,,,,,,,,,
853,621,19,898,,,,,,,,
876,293,419,345,,,,,,,,
521,186,388,308,,,,,,,,
87,607,,,,,,,,,,
108,185,427,,,,,,,,,
577,847,102,680,,,,,,,,
308,313,253,708,,,,,,,,
305,413,874,808,21,,,,,,,
305,26,389,365,,,,,,,,
98,271,751,,,,,,,,,
751,657,605,481,172,297,,,,,,
63,293,737,367,,,,,,,,
67,,,,,,,,,,,
67,946,498,861,981,521,,,,,,
220,829,879,878,,,,,,,,
220,829,285,668,653,102,,,,,,
886,144,457,113,416,588,390,632,567,,,
431,776,514,413,,,,,,,,
413,345,166,285,427,,,,,,,
657,593,,,,,,,,,,
657,720,544,119,90,111,403,516,,,,
720,90,403,136,657,,,,,,,
318,851,977,419,190,,,,,,,
34,60,656,501,443,365,,,,,,
656,209,565,349,992,56,657,523,322,,,
518,599,458,,,,,,,,,
310,386,690,492,680,191,996,49,,,,
536,4,858,589,,,,,,,,
267,425,518,754,523,,,,,,,
523,700,831,,,,,,,,,
999,658,593,,,,,,,,,
589,428,814,406,356,711,649,749,916,,,
353,,,,,,,,,,,
14,417,230,478,67,879,470,194,,,,
932,908,561,,,,,,,,,
797,980,797,704,,,,,,,,
233,117,967,,,,,,,,,
967,478,28,616,,,,,,,,
806,111,589,,,,,,,,,
666,117,,,,,,,,,,
205,831,738,755,,,,,,,,
728,946,664,501,,,,,,,,
315,,,,,,,,,,,
315,504,653,326,636,915,,,,,,
653,636,141,575,,,,,,,,
620,286,89,764,,,,,,,,
707,277,,,,,,,,,,
614,749,635,,,,,,,,,
934,751,99,233,941,,,,,,,
188,3,595,,,,,,,,,
523,967,861,,,,,,,,,
455,862,125,671,315,,,,,,,
86,21,87,20,365,26,131,,,,,
154,123,538,601,709,980,,,,,,
411,213,46,738,,,,,,,,
709,615,697,959,653,357,116,,,,,
194,376,279,425,470,,,,,,,
915,194,,,,,,,,,,
641,544,146,690,850,,,,,,,
641,544,146,690,850,417,861,,,,,
417,209,196,2,141,,,,,,,
318,163,923,941,,,,,,,,
134,511,170,743,,,,,,,,
30,597,276,,,,,,,,,
276,137,,,,,,,,,,
792,737,747,653,747,825,878,293,587,,,
664,123,909,,,,,,,,,
402,91,110,,,,,,,,,
587,438,408,672,746,738,110,,,,,
104,67,861,327,598,,,,,,,
104,861,514,593,,,,,,,,
555,829,,,,,,,,,,
615,219,589,733,305,,,,,,,
615,219,589,733,305,,,,,,,
615,219,14,161,455,,,,,,,
912,710,101,595,882,,,,,,,
656,686,,,,,,,,,,
596,236,122,187,997,221,860,601,741,,,
860,442,566,,,,,,,,,
19,357,352,,,,,,,,,
19,352,567,616,603,,,,,,,
739,970,90,68,,,,,,,,
664,567,639,532,,,,,,,,
987,308,308,490,582,323,261,,,,,
815,531,663,852,,,,,,,,
229,329,437,959,,,,,,,,
329,302,737,241,245,,,,,,,
46,963,524,,,,,,,,,
219,881,426,,,,,,,,,
426,478,977,269,,,,,,,,
676,194,,,,,,,,,,
194,91,330,621,,,,,,,,
151,915,589,,,,,,,,,
686,129,,,,,,,,,,
91,724,769,,,,,,,,,
331,443,187,,,,,,,,,
261,438,728,163,690,305,,,,,,
728,690,305,99,137,,,,,,,
91,406,967,,,,,,,,,
670,,,,,,,,,,,
219,75,959,124,733,50,,,,,,
478,751,321,190,,,,,,,,
478,321,190,367,,,,,,,,
618,988,396,301,,,,,,,,
931,614,241,724,406,194,833,792,549,,,
666,408,6,,,,,,,,,
914,170,746,366,86,680,390,,,,,
981,513,238,37,78,445,,,,,,
775,587,733,,,,,,,,,
523,614,32,,,,,,,,,
101,653,428,898,,,,,,,,
533,931,108,,,,,,,,,
244,,,,,,,,,,,
244,845,221,86,612,,,,,,,
992,492,366,977,204,578,308,,,,,
992,578,693,127,111,,,,,,,
195,46,932,170,327,,,,,,,
111,,,,,,,,,,,
641,992,408,293,,,,,,,,
690,562,30,550,38,,,,,,,
562,524,721,595,621,75,,,,,,
63,72,147,,,,,,,,,
601,331,,,,,,,,,,
215,686,14,653,,,,,,,,
577,417,749,34,,,,,,,,
43,194,449,595,252,,,,,,,
395,121,831,470,5,,,,,,,
544,878,378,,,,,,,,,
544,878,378,,,,,,,,,
873,990,478,987,853,123,,,,,,
704,449,407,,,,,,,,,
704,449,401,,,,,,,,,
359,344,656,267,48,709,356,,,,,
344,301,169,725,508,577,,,,,,
344,46,982,801,,,,,,,,
344,322,302,,,,,,,,,
202,56,893,,,,,,,,,
724,645,852,,,,,,,,,
38,115,657,112,,,,,,,,
577,580,,,,,,,,,,
123,558,654,,,,,,,,,
285,319,,,,,,,,,,
495,826,790,86,261,,,,,,,
750,491,952,32,,,,,,,,
616,521,,,,,,,,,,
931,702,1,87,665,,,,,,,
87,921,335,,,,,,,,,
335,659,48,526,,,,,,,,
335,659,526,920,279,448,,,,,,
539,67,504,,,,,,,,,
952,912,397,994,14,,,,,,,
949,900,232,384,,,,,,,,
577,93,729,492,,,,,,,,
60,,,,,,,,,,,
893,531,981,963,117,,,,,,,
920,166,514,599,349,,,,,,,
557,479,,,,,,,,,,
686,120,691,234,269,,,,,,,
654,,,,,,,,,,,
654,492,593,408,655,478,,,,,,
13,344,601,,,,,,,,,
550,514,701,,,,,,,,,
143,831,,,,,,,,,,
162,408,909,279,923,,,,,,,
128,99,,,,,,,,,,
128,99,676,227,619,,,,,,,
620,478,229,124,,,,,,,,
478,108,,,,,,,,,,
478,951,799,334,,,,,,,,
185,,,,,,,,,,,
853,,,,,,,,,,,
853,270,769,663,563,,,,,,,
858,370,,,,,,,,,,
77,504,195,821,,,,,,,,
76,,,,,,,,,,,
419,242,741,941,683,,,,,,,
419,242,741,941,683,759,,,,,,
683,121,46,,,,,,,,,
628,542,370,792,,,,,,,,
792,589,,,,,,,,,,
664,847,831,34,946,660,,,,,,
376,792,30,56,653,,,,,,,
308,,,,,,,,,,,
704,426,941,677,,,,,,,,
370,30,416,451,668,57,,,,,,
328,221,,,,,,,,,,
993,367,746,624,,,,,,,,
749,478,408,443,,,,,,,,
250,179,925,813,191,,,,,,,
925,376,829,408,846,,,,,,,
238,588,403,850,,,,,,,,
110,,,,,,,,,,,
244,523,847,319,,,,,,,,
315,799,,,,,,,,,,
394,720,694,,,,,,,,,
394,709,979,553,,,,,,,,
959,49,479,,,,,,,,,
898,797,,,,,,,,,,
148,,,,,,,,,,,
31,132,521,725,438,57,,,,,,
533,88,,,,,,,,,,
186,775,880,562,805,893,726,925,323,,,
775,571,,,,,,,,,,
775,274,162,,,,,,,,,
775,945,959,979,,,,,,,,
979,690,811,387,,,,,,,,
191,246,781,,,,,,,,,
191,246,781,194,279,709,408,,,,,
191,781,,,,,,,,,,
191,992,185,653,,,,,,,,
90,481,,,,,,,,,,
349,463,668,,,,,,,,,
349,549,561,692,94,,,,,,,
94,403,992,,,,,,,,,
387,21,472,,,,,,,,,
387,48,,,,,,,,,,
100,110,,,,,,,,,,
100,141,116,,,,,,,,,
628,34,111,670,720,,,,,,,
720,408,,,,,,,,,,
20,656,,,,,,,,,,
20,512,646,190,,,,,,,,
898,737,974,,,,,,,,,
60,205,116,477,,,,,,,,
4,435,147,187,,,,,,,,
219,340,614,704,843,,,,,,,
587,,,,,,,,,,,
274,711,668,944,,,,,,,,
472,319,813,458,427,,,,,,,
244,364,331,100,14,691,,,,,,
783,577,16,489,424,146,,,,,,
62,755,,,,,,,,,,
481,327,620,808,,,,,,,,
100,390,287,308,917,704,,,,,,
917,408,941,651,,,,,,,,
463,254,645,653,355,639,172,,,,,
172,970,161,441,,,,,,,,
944,878,120,,,,,,,,,
944,388,589,215,497,621,423,,,,,
589,423,549,30,308,,,,,,,
30,776,668,,,,,,,,,
733,425,459,449,901,711,984,,,,,
492,809,544,434,748,,,,,,,
898,274,641,576,,,,,,,,
898,274,489,425,,,,,,,,
802,408,318,,,,,,,,,
324,983,281,815,,,,,,,,
6,739,,,,,,,,,,
6,739,959,108,595,,,,,,,
134,178,916,,,,,,,,,
797,925,317,54,,,,,,,,
227,351,898,,,,,,,,,
417,501,,,,,,,,,,
49,852,275,,,,,,,,,
724,408,444,429,307,,,,,,,
16,210,607,577,,,,,,,,
210,141,603,30,195,733,558,783,718,490,,
185,67,686,123,,,,,,,,
686,742,,,,,,,,,,
111,959,202,226,288,108,783,676,749,,,
916,748,261,,,,,,,,,
718,222,,,,,,,,,,
852,959,912,596,,,,,,,,
250,967,313,502,,,,,,,,
419,959,576,704,,,,,,,,
132,410,44,108,739,,,,,,,
194,695,577,38,,,,,,,,
793,319,,,,,,,,,,
793,657,,,,,,,,,,
277,,,,,,,,,,,
210,889,687,737,307,258,671,,,,,
140,931,745,,,,,,,,,
739,725,,,,,,,,,,
279,440,490,,,,,,,,,
34,315,12,,,,,,,,,
34,12,553,222,,,,,,,,
12,553,222,,,,,,,,,
553,358,117,162,,,,,,,,
786,724,567,500,245,497,,,,,,
737,799,72,,,,,,,,,
523,886,652,931,,,,,,,,
523,618,,,,,,,,,,
783,429,706,831,250,,,,,,,
250,327,18,492,,,,,,,,
967,117,144,,,,,,,,,
271,599,,,,,,,,,,
552,905,867,305,,,,,,,,
552,314,185,461,801,,,,,,,
498,449,690,,,,,,,,,
498,449,690,398,741,,,,,,,
60,348,691,,,,,,,,,
972,429,194,759,115,,,,,,,
351,389,932,615,601,959,,,,,,
792,668,351,595,221,,,,,,,
344,425,,,,,,,,,,
315,,,,,,,,,,,
315,400,857,102,118,207,214,,,,,
680,937,10,260,497,194,,,,,,
937,497,194,4,331,455,21,672,,,,
455,862,875,589,,,,,,,,
455,862,875,589,,,,,,,,
619,756,,,,,,,,,,
779,854,,,,,,,,,,
680,748,242,939,161,287,16,335,,,,
143,478,973,113,417,,,,,,,
366,616,404,858,875,478,389,121,,,,
852,159,715,254,153,,,,,,,
593,676,465,616,,,,,,,,
858,642,190,689,,,,,,,,
642,270,497,56,914,458,,,,,,
200,219,,,,,,,,,,
427,542,853,191,42,,,,,,,
853,191,395,708,28,456,147,261,448,147,,
641,680,828,443,,,,,,,,
689,792,356,,,,,,,,,
239,408,,,,,,,,,,
48,239,544,567,,,,,,,,
783,514,346,,,,,,,,,
774,416,,,,,,,,,,
558,528,134,18,,,,,,,,
528,351,194,124,917,942,,,,,,
599,474,269,992,,,,,,,,
24,215,365,,,,,,,,,
285,431,,,,,,,,,,
410,783,800,408,1,,,,,,,
620,737,,,,,,,,,,
896,76,513,215,601,,,,,,,
427,701,435,60,928,,,,,,,
644,,,,,,,,,,,
644,717,131,718,,,,,,,,
800,523,14,898,,,,,,,,
621,710,113,,,,,,,,,
190,191,331,6,579,184,160,,,,,
34,917,992,186,690,756,778,489,,,,
574,,,,,,,,,,,
574,185,481,75,,,,,,,,
0,733,,,,,,,,,,
733,,,,,,,,,,,
345,161,774,221,617,,,,,,,
315,881,662,,,,,,,,,
667,239,972,,,,,,,,,
435,346,190,,,,,,,,,
166,56,144,920,979,,,,,,,
843,324,893,,,,,,,,,
431,,,,,,,,,,,
431,19,93,186,919,968,,,,,,
345,846,,,,,,,,,,
279,241,918,614,688,,,,,,,
614,617,357,,,,,,,,,
614,617,357,203,315,248,520,428,,,,
596,161,30,589,87,151,,,,,,
124,65,649,854,,,,,,,,
421,981,187,520,,,,,,,,
616,121,364,,,,,,,,,
365,31,500,636,78,,,,,,,
365,500,78,221,,,,,,,,
34,328,768,283,,,,,,,,
328,917,731,497,,,,,,,,
589,589,664,103,,,,,,,,
916,979,,,,,,,,,,
100,139,739,,,,,,,,,
84,703,244,76,230,,,,,,,
479,18,881,681,74,266,,,,,,
823,925,532,104,,,,,,,,
186,875,,,,,,,,,,
192,,,,,,,,,,,
186,152,792,951,842,,,,,,,
408,246,319,170,331,,,,,,,
961,419,403,,,,,,,,,
428,805,846,,,,,,,,,
319,,,,,,,,,,,
967,420,951,,,,,,,,,
609,756,992,923,120,,,,,,,
120,292,427,218,186,221,18,598,,,,
408,191,49,523,,,,,,,,
659,366,862,973,867,827,21,914,,,,
261,315,254,,,,,,,,,
261,315,254,110,898,595,326,56,,,,
856,618,376,170,741,,,,,,,
218,221,601,,,,,,,,,
563,718,,,,,,,,,,
41,293,41,86,190,134,141,,,,,
293,41,141,175,923,501,,,,,,
293,41,175,923,501,,,,,,,
122,549,170,,,,,,,,,
122,549,170,776,14,895,931,641,478,,,
946,813,870,601,81,691,,,,,,
813,445,324,308,,,,,,,,
141,614,28,187,,,,,,,,
614,221,210,102,,,,,,,,
210,108,,,,,,,,,,
210,281,589,523,,,,,,,,
721,,,,,,,,,,,
240,527,287,331,,,,,,,,
742,390,364,873,,,,,,,,
364,419,445,595,,,,,,,,
938,607,516,,,,,,,,,
653,671,19,579,,,,,,,,
19,749,455,635,,,,,,,,
635,612,889,,,,,,,,,
828,797,5,285,931,774,1,,,,,
781,285,639,,,,,,,,,
539,618,857,,,,,,,,,
959,345,435,86,408,,,,,,,
550,966,562,868,751,593,,,,,,
56,746,981,,,,,,,,,
914,577,396,850,621,170,265,,,,,
616,72,852,,,,,,,,,
72,,,,,,,,,,,
920,1,218,,,,,,,,,
920,152,456,19,,,,,,,,
920,152,456,30,773,144,,,,,,
145,848,72,280,431,,,,,,,
805,218,562,,,,,,,,,
28,741,301,408,315,,,,,,,
618,,,,,,,,,,,
115,878,111,,,,,,,,,
115,90,736,755,,,,,,,,
741,825,24,10,,,,,,,,
10,693,,,,,,,,,,
10,178,239,932,308,,,,,,,
178,932,967,504,832,,,,,,,
967,916,746,681,419,,,,,,,
875,597,99,,,,,,,,,
120,795,617,669,620,,,,,,,
668,446,141,30,507,430,568,232,,,,
49,941,892,852,50,,,,,,,
892,267,220,,,,,,,,,
156,,,,,,,,,,,
187,963,886,886,664,68,,,,,,
66,474,774,829,,,,,,,,
616,432,110,868,,,,,,,,
352,495,733,,,,,,,,,
609,102,48,,,,,,,,,
595,657,304,,,,,,,,,
853,805,813,711,14,426,,,,,,
963,504,945,857,,,,,,,,
703,587,567,,,,,,,,,
678,935,852,210,923,,,,,,,
900,963,,,,,,,,,,
136,862,478,435,,,,,,,,
850,376,211,891,261,,,,,,,
261,219,,,,,,,,,,
500,378,917,,,,,,,,,
378,917,614,51,170,543,,,,,,
378,543,406,799,281,,,,,,,
295,894,202,,,,,,,,,
894,202,315,750,681,186,754,,,,,
474,521,812,827,611,32,,,,,,
981,600,489,,,,,,,,,
981,600,489,335,701,993,14,926,261,524,318,348
212,701,409,544,,,,,,,,
409,636,23,665,,,,,,,,
831,826,686,485,891,549,,,,,,
891,33,115,,,,,,,,,
892,664,,,,,,,,,,
664,739,,,,,,,,,,
526,958,337,538,550,,,,,,,
246,328,323,345,,,,,,,,
266,557,338,,,,,,,,,
952,236,419,951,494,500,873,,,,,
639,646,970,,,,,,,,,
970,701,241,339,172,,,,,,,
241,319,408,250,750,686,,,,,,
741,589,523,,,,,,,,,
547,769,673,455,102,,,,,,,
81,554,,,,,,,,,,
619,748,86,,,,,,,,,
619,293,,,,,,,,,,
91,850,846,514,635,984,,,,,,
166,577,646,733,268,,,,,,,
550,563,396,981,789,742,,,,,,
550,563,182,,,,,,,,,
563,720,810,324,,,,,,,,
386,852,288,12,,,,,,,,
914,265,190,529,526,,,,,,,
339,87,514,653,,,,,,,,
793,308,46,,,,,,,,,
774,191,177,305,,,,,,,,
774,277,663,963,170,,,,,,,
645,555,146,310,677,,,,,,,
146,891,494,624,878,,,,,,,
891,494,624,878,,,,,,,,
202,883,185,,,,,,,,,
202,185,,,,,,,,,,
952,622,,,,,,,,,,
99,,,,,,,,,,,
704,,,,,,,,,,,
207,396,511,474,769,,,,,,,
739,234,2,,,,,,,,,
86,577,205,322,,,,,,,,
815,18,689,607,524,420,965,434,,,,
815,420,434,821,34,406,,,,,,
186,426,,,,,,,,,,
102,421,37,846,428,,,,,,,
984,557,539,879,,,,,,,,
652,748,481,,,,,,,,,
195,861,298,90,773,,,,,,,
81,917,874,,,,,,,,,
984,614,810,,,,,,,,,
984,693,641,18,457,,,,,,,
984,959,,,,,,,,,,
984,733,931,465,,,,,,,,
733,308,,,,,,,,,,
81,77,,,,,,,,,,
624,582,48,60,984,,,,,,,
60,724,,,,,,,,,,
773,747,196,170,692,,,,,,,
744,822,536,1,313,717,,,,,,
744,536,313,781,292,190,,,,,,
281,797,,,,,,,,,,
416,166,,,,,,,,,,
376,648,328,195,802,576,400,,,,,
550,779,,,,,,,,,,
458,550,30,589,318,,,,,,,
458,589,318,163,218,740,,,,,,
318,777,315,808,339,523,,,,,,
664,,,,,,,,,,,
664,567,406,406,846,,,,,,,
250,900,238,215,140,292,56,,,,,
455,653,322,,,,,,,,,
322,793,147,649,,,,,,,,
380,918,586,507,,,,,,,,
408,386,711,,,,,,,,,
711,34,,,,,,,,,,
931,730,,,,,,,,,,
837,396,507,947,,,,,,,,
245,935,,,,,,,,,,
431,554,657,,,,,,,,,
465,992,,,,,,,,,,
992,635,37,732,,,,,,,,
315,375,,,,,,,,,,
315,741,524,,,,,,,,,
449,496,,,,,,,,,,
238,645,659,566,,,,,,,,
659,566,864,668,659,587,,,,,,
203,672,720,776,,,,,,,,
261,631,593,295,898,366,,,,,,
366,113,144,691,,,,,,,,
889,619,273,515,,,,,,,,
154,805,,,,,,,,,,
189,238,194,993,,,,,,,,
465,690,93,448,194,114,,,,,,
67,,,,,,,,,,,
67,224,426,514,,,,,,,,
849,46,48,485,210,993,,,,,,
849,48,324,455,407,,,,,,,
563,170,699,286,,,,,,,,
720,552,210,18,,,,,,,,
11,967,966,720,,,,,,,,
146,970,315,141,,,,,,,,
19,681,778,,,,,,,,,
187,261,862,141,334,,,,,,,
187,74,194,244,32,,,,,,,
187,194,265,,,,,,,,,
194,265,603,319,,,,,,,,
720,400,531,,,,,,,,,
119,345,741,519,915,60,,,,,,
345,60,286,67,,,,,,,,
339,770,414,400,117,,,,,,,
117,899,14,327,781,,,,,,,
562,87,188,56,937,420,,,,,,
100,348,14,67,,,,,,,,
100,14,178,,,,,,,,,
544,577,344,768,873,555,,,,,,
319,593,728,,,,,,,,,
728,236,359,292,658,,,,,,,
875,186,886,922,,,,,,,,
710,802,,,,,,,,,,
710,893,567,1,,,,,,,,
567,663,977,337,588,,,,,,,
663,649,800,,,,,,,,,
925,414,639,,,,,,,,,
925,414,920,331,,,,,,,,
18,34,681,310,315,879,48,,,,,
435,115,948,778,,,,,,,,
822,806,,,,,,,,,,
806,482,,,,,,,,,,
482,523,313,308,,,,,,,,
977,159,44,,,,,,,,,
159,44,337,177,427,74,,,,,,
221,557,455,,,,,,,,,
751,153,497,,,,,,,,,
997,42,399,839,207,,,,,,,
739,828,68,,,,,,,,,
739,559,760,425,170,307,,,,,,
874,446,,,,,,,,,,
405,669,768,427,221,,,,,,,
477,423,917,,,,,,,,,
423,699,283,792,,,,,,,,
768,766,97,351,441,,,,,,,
210,195,117,875,70,,,,,,,
128,872,329,329,,,,,,,,
128,,,,,,,,,,,
273,865,248,,,,,,,,,
750,878,585,,,,,,,,,
966,821,,,,,,,,,,
966,234,138,955,265,919,,,,,,
265,919,784,,,,,,,,,
465,146,523,111,622,,,,,,,
805,24,186,600,425,,,,,,,
186,600,822,588,134,3,431,,,,,
575,629,967,341,230,737,,,,,,
230,799,774,,,,,,,,,
774,737,449,853,,,,,,,,
459,449,693,,,,,,,,,
408,490,140,815,737,,,,,,,
305,77,194,366,,,,,,,,
162,275,806,,,,,,,,,
128,,,,,,,,,,,
542,802,455,417,617,926,,,,,,
802,653,502,651,704,,,,,,,
802,653,502,651,704,893,769,,,,,
15,624,721,473,850,,,,,,,
479,349,12,968,406,48,,,,,,
48,778,190,,,,,,,,,
190,161,111,,,,,,,,,
161,408,521,589,773,18,301,,,,,
344,805,943,239,614,914,,,,,,
490,,,,,,,,,,,
617,539,358,474,37,,,,,,,
654,827,346,,,,,,,,,
39,384,21,,,,,,,,,
802,139,153,680,267,,,,,,,
827,614,452,791,406,706,265,,,,,
252,831,850,796,,,,,,,,
868,227,242,589,,,,,,,,
868,227,242,589,117,846,100,,,,,
636,,,,,,,,,,,
276,131,407,1,39,194,,,,,,
448,186,608,162,921,,,,,,,
690,544,850,276,,,,,,,,
720,504,,,,,,,,,,
194,244,163,,,,,,,,,
194,449,110,220,,,,,,,,
161,612,577,439,,,,,,,,
140,893,234,33,932,,,,,,,
750,891,15,,,,,,,,,
914,612,801,,,,,,,,,
612,801,563,624,48,194,,,,,,
358,119,984,128,,,,,,,,
67,388,1,238,326,,,,,,,
751,110,733,,,,,,,,,
576,616,478,,,,,,,,,
616,478,893,,,,,,,,,
805,858,,,,,,,,,,
161,90,593,533,,,,,,,,
161,90,593,533,613,577,674,,,,,
459,552,822,0,62,,,,,,,
62,816,225,641,,,,,,,,
87,431,982,957,471,,,,,,,
601,,,,,,,,,,,
505,408,587,656,451,,,,,,,
505,656,561,359,326,583,,,,,,
970,749,656,663,390,653,293,,,,,
396,577,285,,,,,,,,,
108,87,12,725,,,,,,,,
919,596,117,250,,,,,,,,
778,643,428,427,,,,,,,,
951,196,824,,,,,,,,,
196,29,345,660,132,,,,,,,
660,218,455,,,,,,,,,
489,111,898,152,,,,,,,,
246,342,470,923,764,,,,,,,
764,67,230,690,507,952,,,,,,
401,749,670,855,478,425,,,,,,
680,30,733,230,,,,,,,,
680,230,523,136,634,421,,,,,,
523,275,266,,,,,,,,,
523,275,690,964,709,919,154,,,,,
275,709,31,748,959,623,,,,,,
60,792,586,595,,,,,,,,
313,903,288,351,,,,,,,,
277,245,626,,,,,,,,,
245,599,267,,,,,,,,,
170,783,,,,,,,,,,
469,221,783,307,524,308,,,,,,
128,846,408,,,,,,,,,
741,690,107,351,779,,,,,,,
435,800,925,,,,,,,,,
472,797,308,,,,,,,,,
308,797,471,245,121,,,,,,,
797,471,292,417,429,,,,,,,
663,,,,,,,,,,,
401,275,898,846,531,587,,,,,,
401,14,861,830,984,2,,,,,,
557,970,390,783,270,,,,,,,
161,222,187,163,452,14,,,,,,
196,,,,,,,,,,,
854,620,861,,,,,,,,,
861,868,587,258,475,,,,,,,
267,656,,,,,,,,,,
656,356,,,,,,,,,,
79,,,,,,,,,,,
886,,,,,,,,,,,
886,185,701,829,995,154,,,,,,
234,756,949,,,,,,,,,
619,867,116,,,,,,,,,
116,258,443,852,512,,,,,,,
723,803,18,295,,,,,,,,
416,601,676,219,,,,,,,,
596,853,756,697,,,,,,,,
596,756,697,245,163,,,,,,,
946,479,481,448,431,394,803,308,,,,
316,29,680,,,,,,,,,
680,967,,,,,,,,,,
141,288,550,577,67,159,44,,,,,
166,920,863,,,,,,,,,
863,288,738,220,959,,,,,,,
1,550,571,507,49,605,,,,,,
455,788,599,431,,,,,,,,
923,830,674,406,,,,,,,,
568,931,613,709,,,,,,,,
34,12,319,636,801,,,,,,,
636,321,859,,,,,,,,,
141,507,725,308,,,,,,,,
117,614,,,,,,,,,,
989,709,860,981,449,,,,,,,
899,267,,,,,,,,,,
384,748,495,,,,,,,,,
307,74,,,,,,,,,,
918,431,408,,,,,,,,,
918,720,,,,,,,,,,
351,113,703,19,669,375,478,,,,,
732,625,864,14,60,234,34,,,,,
318,624,,,,,,,,,,
457,737,917,218,522,396,514,,,,,
202,,,,,,,,,,,
701,829,508,352,388,,,,,,,
29,893,691,,,,,,,,,
29,893,290,,,,,,,,,
554,874,545,544,,,,,,,,
545,514,,,,,,,,,,
545,514,470,701,875,709,322,746,218,,,
984,615,972,743,610,,,,,,,
394,656,701,905,808,,,,,,,
928,315,14,770,161,925,,,,,,
396,218,826,426,,,,,,,,
345,,,,,,,,,,,
5,636,793,,,,,,,,,
5,793,195,847,384,428,56,,,,,
422,653,318,616,308,,,,,,,
308,233,26,,,,,,,,,
141,12,345,318,,,,,,,,
141,12,345,15,324,485,,,,,,
805,408,140,390,31,923,891,,,,,
531,481,690,90,,,,,,,,
419,127,925,431,137,,,,,,,
914,230,585,,,,,,,,,
184,310,60,,,,,,,,,
593,31,704,772,199,218,113,,,,,
102,959,207,430,755,,,,,,,
430,365,951,443,,,,,,,,
846,702,437,324,750,557,,,,,,
599,329,868,184,,,,,,,,
154,680,,,,,,,,,,
892,751,,,,,,,,,,
892,751,566,353,43,,,,,,,
920,54,39,308,692,34,,,,,,
178,789,,,,,,,,,,
722,850,591,577,521,,,,,,,
26,527,504,449,244,,,,,,,
474,742,,,,,,,,,,
474,742,919,154,,,,,,,,
154,336,659,914,849,,,,,,,
4,63,792,260,,,,,,,,
863,132,220,134,295,400,,,,,,
751,293,244,,,,,,,,,
925,755,414,,,,,,,,,
403,86,,,,,,,,,,
86,313,16,425,,,,,,,,
715,345,,,,,,,,,,
345,657,,,,,,,,,,
345,792,387,401,,,,,,,,
917,589,,,,,,,,,,
301,853,730,446,276,,,,,,,
751,733,492,524,562,,,,,,,
562,132,,,,,,,,,,
349,438,307,,,,,,,,,
39,711,449,389,529,981,,,,,,
852,861,654,329,690,334,,,,,,
852,334,792,512,387,186,108,,,,,
512,34,307,552,,,,,,,,
552,717,18,801,,,,,,,,
733,275,186,408,,,,,,,,
876,308,562,,,,,,,,,
724,737,625,310,619,,,,,,,
561,584,,,,,,,,,,
539,709,773,704,449,,,,,,,
690,202,357,532,152,419,,,,,,
235,160,234,445,886,,,,,,,
743,428,352,987,555,,,,,,,
39,677,582,743,154,,,,,,,
783,117,152,899,,,,,,,,
783,478,136,22,296,203,400,492,,,,
203,695,417,677,,,,,,,,
301,563,194,653,,,,,,,,
18,242,24,702,561,,,,,,,
6,959,945,,,,,,,,,
345,408,653,44,335,724,94,,,,,
308,,,,,,,,,,,
616,315,670,331,,,,,,,,
674,625,188,,,,,,,,,
674,625,188,874,,,,,,,,
903,164,,,,,,,,,,
979,451,129,,,,,,,,,
577,875,946,437,141,,,,,,,
406,347,820,,,,,,,,,
347,820,,,,,,,,,,
967,636,649,643,595,,,,,,,
595,221,331,567,,,,,,,,
132,187,261,821,478,8,,,,,,
8,398,416,,,,,,,,,
32,588,923,,,,,,,,,
210,232,288,417,,,,,,,,
234,931,376,549,992,,,,,,,
566,162,308,,,,,,,,,
141,63,501,207,110,,,,,,,
563,358,366,210,,,,,,,,
681,607,671,,,,,,,,,
210,239,764,238,,,,,,,,
210,750,945,285,778,566,952,720,,,,
310,46,350,529,666,,,,,,,
474,608,37,703,,,,,,,,
608,703,29,387,48,81,,,,,,
379,725,,,,,,,,,,
185,886,440,,,,,,,,,
783,748,159,577,593,,,,,,,
577,109,621,,,,,,,,,
792,86,851,313,,,,,,,,
461,134,,,,,,,,,,
18,87,221,,,,,,,,,
87,221,639,163,408,317,,,,,,
76,773,145,207,,,,,,,,
207,444,830,430,405,481,703,,,,,
34,349,778,409,,,,,,,,
86,657,152,324,595,702,,,,,,
649,431,20,,,,,,,,,
209,209,146,523,,,,,,,,
230,615,315,315,221,,,,,,,
492,220,,,,,,,,,,
492,220,31,401,111,,,,,,,
765,,,,,,,,,,,
765,204,293,861,34,,,,,,,
765,204,163,697,,,,,,,,
204,390,221,577,521,330,,,,,,
830,,,,,,,,,,,
916,4,162,318,457,,,,,,,
980,254,886,242,,,,,,,,
729,919,101,357,615,,,,,,,
357,819,,,,,,,,,,
210,694,726,,,,,,,,,
898,478,85,152,,,,,,,,
323,948,376,,,,,,,,,
187,737,187,351,321,523,,,,,,
351,903,108,189,717,666,539,,,,,
831,681,772,427,,,,,,,,
427,810,525,706,963,314,797,,,,,
525,186,495,,,,,,,,,
946,136,,,,,,,,,,
111,543,703,776,124,32,,,,,,
318,808,192,829,,,,,,,,
653,172,524,852,31,,,,,,,
242,407,,,,,,,,,,
583,936,882,554,864,18,609,,,,,
115,577,199,482,793,318,,,,,,
115,577,199,793,318,396,479,,,,,
115,577,,,,,,,,,,
831,141,617,426,819,400,842,,,,,
830,736,,,,,,,,,,
589,141,393,,,,,,,,,
253,322,521,330,,,,,,,,
983,999,656,,,,,,,,,
916,822,304,680,633,,,,,,,
310,873,302,,,,,,,,,
315,755,527,677,830,229,,,,,,
773,111,737,739,,,,,,,,
806,601,202,99,,,,,,,,
639,146,194,215,389,,,,,,,
606,526,750,582,472,,,,,,,
18,270,959,800,,,,,,,,
324,,,,,,,,,,,
413,438,539,,,,,,,,,
469,426,742,514,,,,,,,,
250,986,917,877,408,,,,,,,
196,394,103,630,,,,,,,,
423,737,701,315,382,859,6,,,,,
315,382,359,169,417,478,,,,,,
593,250,42,,,,,,,,,
250,861,517,621,,,,,,,,
592,163,146,,,,,,,,,
889,,,,,,,,,,,
889,514,672,,,,,,,,,
889,514,672,567,781,12,121,128,711,195,,
680,959,67,,,,,,,,,
970,478,191,,,,,,,,,
679,934,617,,,,,,,,,
919,905,,,,,,,,,,
16,265,327,266,,,,,,,,
589,874,,,,,,,,,,
500,650,,,,,,,,,,
479,849,,,,,,,,,,
853,794,200,,,,,,,,,
861,498,416,959,861,188,,,,,,
498,195,234,445,949,220,,,,,,
455,170,443,76,72,766,,,,,,
111,539,811,267,,,,,,,,
980,521,48,175,654,612,,,,,,
351,698,938,504,703,,,,,,,
408,465,567,50,408,,,,,,,
553,,,,,,,,,,,
693,738,791,846,227,,,,,,,
522,134,420,,,,,,,,,
563,435,262,435,550,331,,,,,,
871,352,895,609,242,,,,,,,
853,879,899,,,,,,,,,
202,433,,,,,,,,,,
202,56,871,,,,,,,,,
136,427,1,,,,,,,,,
19,396,91,345,769,395,591,,,,,
858,914,524,564,73,,,,,,,
323,12,656,,,,,,,,,
878,23,390,143,349,478,265,577,,,,
492,742,,,,,,,,,,
291,919,825,,,,,,,,,
825,993,,,,,,,,,,
825,993,67,,,,,,,,,
42,405,321,431,719,,,,,,,
801,34,419,341,494,,,,,,,
83,482,349,172,449,,,,,,,
422,595,473,496,474,796,,,,,,
496,704,207,532,,,,,,,,
496,207,532,587,,,,,,,,
496,207,532,587,118,,,,,,,
595,917,,,,,,,,,,
917,26,991,,,,,,,,,
704,799,889,396,,,,,,,,
111,807,414,63,562,136,492,,,,,
915,624,389,497,612,854,846,187,709,,,
161,210,889,,,,,,,,,
826,67,,,,,,,,,,
770,898,162,162,,,,,,,,
639,815,277,842,141,,,,,,,
396,659,220,749,376,508,592,,,,,
846,166,979,,,,,,,,,
239,439,837,711,396,,,,,,,
239,886,321,,,,,,,,,
599,,,,,,,,,,,
355,595,,,,,,,,,,
458,6,,,,,,,,,,
84,741,,,,,,,,,,
850,271,,,,,,,,,,
351,835,,,,,,,,,,
351,185,653,,,,,,,,,
521,408,,,,,,,,,,
408,0,315,427,,,,,,,,
477,728,,,,,,,,,,
657,563,645,19,445,846,690,,,,,
213,993,,,,,,,,,,
993,419,618,304,426,,,,,,,
119,792,597,,,,,,,,,
928,679,,,,,,,,,,
83,19,544,,,,,,,,,
163,653,,,,,,,,,,
308,18,653,,,,,,,,,
751,185,,,,,,,,,,
273,70,,,,,,,,,,
502,393,,,,,,,,,,
523,990,,,,,,,,,,
602,750,614,,,,,,,,,
180,,,,,,,,,,,
180,421,624,621,,,,,,,,
351,656,523,261,917,111,,,,,,
222,667,108,595,593,423,,,,,,
821,161,,,,,,,,,,
26,132,566,,,,,,,,,
366,560,895,,,,,,,,,
507,110,,,,,,,,,,
98,741,147,859,,,,,,,,
478,656,187,786,,,,,,,,
846,304,543,948,766,145,186,,,,,
304,595,687,831,,,,,,,,
741,,,,,,,,,,,
144,819,808,87,771,,,,,,,
990,,,,,,,,,,,
875,48,,,,,,,,,,
877,262,981,732,,,,,,,,
877,638,792,111,,,,,,,,
67,470,657,170,,,,,,,,
254,417,,,,,,,,,,
419,542,,,,,,,,,,
5,830,28,910,195,,,,,,,
262,859,,,,,,,,,,
242,32,250,531,267,3,,,,,,
102,915,308,,,,,,,,,
308,321,313,920,861,274,,,,,,
313,420,878,,,,,,,,,
158,213,980,504,830,238,14,,,,,
269,985,750,,,,,,,,,
685,86,98,134,545,495,,,,,,
140,972,773,,,,,,,,,
140,773,175,33,802,620,,,,,,
215,270,578,185,215,,,,,,,
355,181,,,,,,,,,,
101,352,326,376,597,620,,,,,,
85,170,408,577,550,292,119,932,,,,
577,542,601,833,,,,,,,,
772,425,16,825,532,965,,,,,,
912,978,218,790,,,,,,,,
711,741,187,,,,,,,,,
747,86,916,868,310,,,,,,,
308,676,103,945,,,,,,,,
241,187,437,,,,,,,,,
22,772,,,,,,,,,,
396,992,494,869,,,,,,,,
49,31,441,,,,,,,,,
558,,,,,,,,,,,
755,210,,,,,,,,,,
129,946,824,,,,,,,,,
129,882,515,978,205,221,459,,,,,
376,815,417,589,,,,,,,,
328,445,704,375,,,,,,,,
93,664,597,,,,,,,,,
426,60,827,122,891,413,175,,,,,
852,349,185,,,,,,,,,
711,63,653,,,,,,,,,
649,997,,,,,,,,,,
60,504,587,,,,,,,,,
210,989,605,773,134,992,,,,,,
680,,,,,,,,,,,
842,324,,,,,,,,,,
842,324,811,608,219,285,656,,,,,
323,854,987,,,,,,,,,
811,86,,,,,,,,,,
811,933,822,187,308,,,,,,,
933,308,614,917,408,,,,,,,
748,421,86,321,764,747,470,,,,,
304,83,233,709,254,366,230,668,,,,
504,555,720,30,550,609,,,,,,
868,523,764,952,798,,,,,,,
764,798,779,981,730,42,828,261,793,899,,
185,108,,,,,,,,,,
185,405,847,,,,,,,,,
405,501,507,,,,,,,,,
831,743,,,,,,,,,,
831,649,831,920,632,807,739,328,221,,,
711,492,,,,,,,,,,
492,319,270,,,,,,,,,
329,934,250,,,,,,,,,
32,623,270,992,,,,,,,,
14,,,,,,,,,,,
680,317,506,,,,,,,,,
523,850,749,490,928,,,,,,,
850,304,162,500,500,,,,,,,
304,532,229,821,,,,,,,,
425,709,886,870,,,,,,,,
365,308,195,959,,,,,,,,
308,308,246,,,,,,,,,
868,293,690,,,,,,,,,
923,778,286,396,142,,,,,,,
875,124,532,507,577,,,,,,,
308,305,,,,,,,,,,
502,889,,,,,,,,,,
500,559,,,,,,,,,,
408,19,801,328,,,,,,,,
858,715,917,874,,,,,,,,
117,545,349,472,704,244,704,,,,,
12,1,154,,,,,,,,,
612,445,159,30,691,358,,,,,,
75,396,319,,,,,,,,,
99,533,221,478,455,883,460,,,,,
555,822,812,331,,,,,,,,
331,523,478,293,,,,,,,,
552,,,,,,,,,,,
134,935,861,792,315,,,,,,,
368,321,691,618,,,,,,,,
751,86,,,,,,,,,,
916,222,566,,,,,,,,,
3,186,308,135,654,,,,,,,
186,308,158,593,861,596,,,,,,
242,178,928,329,662,,,,,,,
329,447,806,932,,,,,,,,
473,887,805,,,,,,,,,
473,161,689,39,729,803,384,,,,,
689,507,532,563,,,,,,,,
14,28,739,,,,,,,,,
28,596,,,,,,,,,,
28,261,689,112,16,,,,,,,
327,994,,,,,,,,,,
258,261,971,626,,,,,,,,
117,116,509,121,271,,,,,,,
612,920,349,822,,,,,,,,
612,526,191,896,487,635,427,295,870,865,,
663,912,,,,,,,,,,
619,194,,,,,,,,,,
194,539,868,,,,,,,,,
538,105,158,396,,,,,,,,
878,472,115,,,,,,,,,
472,288,254,992,132,366,,,,,,
472,992,821,941,523,,,,,,,
992,210,893,,,,,,,,,
478,185,815,851,813,,,,,,,
935,190,886,,,,,,,,,
351,967,951,,,,,,,,,
183,172,448,21,,,,,,,,
514,242,949,,,,,,,,,
857,805,30,,,,,,,,,
593,186,395,443,218,,,,,,,
668,783,815,893,,,,,,,,
178,733,491,,,,,,,,,
32,67,417,,,,,,,,,
32,67,417,725,433,724,653,848,,,,
709,751,449,334,,,,,,,,
751,993,723,267,609,,,,,,,
592,105,664,,,,,,,,,
482,492,825,308,706,,,,,,,
751,318,893,,,,,,,,,
751,318,363,11,67,720,,,,,,
751,11,110,,,,,,,,,
751,11,110,821,53,222,,,,,,
443,408,203,639,731,,,,,,,
670,612,686,,,,,,,,,
44,86,609,4,717,56,,,,,,
140,720,111,249,,,,,,,,
202,778,219,544,704,,,,,,,
359,588,56,121,,,,,,,,
99,664,66,959,886,659,,,,,,
181,720,396,,,,,,,,,
315,702,220,,,,,,,,,
202,,,,,,,,,,,
155,868,,,,,,,,,,
155,653,279,749,793,,,,,,,
277,402,615,593,819,952,842,906,,,,
707,455,495,21,,,,,,,,
798,898,391,,,,,,,,,
772,934,394,147,478,909,,,,,,
290,652,825,,,,,,,,,
321,916,416,,,,,,,,,
321,416,993,324,78,,,,,,,
768,465,544,523,750,977,,,,,,
194,396,111,554,,,,,,,,
331,852,308,101,,,,,,,,
852,878,427,788,,,,,,,,
878,427,821,,,,,,,,,
701,427,244,685,614,459,,,,,,
178,521,,,,,,,,,,
406,425,218,54,,,,,,,,
425,218,762,680,628,,,,,,,
244,659,626,,,,,,,,,
959,662,110,620,,,,,,,,
8,616,898,331,,,,,,,,
78,657,189,773,,,,,,,,
526,654,746,,,,,,,,,
654,154,585,934,117,194,,,,,,
366,36,189,,,,,,,,,
63,335,125,979,448,,,,,,,
63,335,749,680,,,,,,,,
146,131,,,,,,,,,,
662,,,,,,,,,,,
56,30,,,,,,,,,,
364,48,,,,,,,,,,
345,463,731,,,,,,,,,
536,110,345,376,443,,,,,,,
140,19,129,,,,,,,,,
90,550,584,654,445,,,,,,,
731,166,313,774,,,,,,,,
653,204,792,,,,,,,,,
152,521,348,,,,,,,,,
811,165,378,566,730,,,,,,,
881,791,898,,,,,,,,,
186,558,,,,,,,,,,
489,920,129,664,889,,,,,,,
507,,,,,,,,,,,
91,502,,,,,,,,,,
587,774,,,,,,,,,,
755,,,,,,,,,,,
675,640,604,139,449,,,,,,,
675,640,139,449,186,657,170,,,,,
549,473,60,521,313,,,,,,,
215,346,703,137,345,351,72,,,,,
440,313,494,618,14,240,919,,,,,
194,945,833,842,,,,,,,,
523,46,152,900,,,,,,,,
916,425,609,692,240,472,,,,,,
490,221,657,318,831,,,,,,,
298,,,,,,,,,,,
298,653,766,808,920,304,339,664,908,878,,
920,715,339,492,72,,,,,,,
920,339,72,529,451,735,859,,,,,
441,663,184,,,,,,,,,
909,32,797,593,32,,,,,,,
305,204,318,,,,,,,,,
220,595,867,,,,,,,,,
78,857,43,599,184,,,,,,,
857,628,829,,,,,,,,,
525,722,,,,,,,,,,
525,15,,,,,,,,,,
526,842,858,261,189,,,,,,,
154,375,46,792,,,,,,,,
154,864,26,18,739,261,827,770,,,,
739,163,420,946,,,,,,,,
773,690,935,595,812,,,,,,,
773,86,593,170,390,,,,,,,
868,481,102,934,718,,,,,,,
481,424,403,498,,,,,,,,
424,384,493,671,788,302,56,186,748,,,
400,664,979,242,,,,,,,,
142,60,645,790,,,,,,,,
142,790,850,875,,,,,,,,
790,893,,,,,,,,,,
121,308,331,619,375,67,,,,,,
148,687,416,,,,,,,,,
323,349,,,,,,,,,,
11,351,330,811,319,,,,,,,
190,141,105,99,,,,,,,,
105,3,6,,,,,,,,,
842,912,321,662,460,103,160,452,,,,
916,526,428,565,,,,,,,,
801,555,917,178,,,,,,,,
187,747,593,115,,,,,,,,
188,616,559,158,951,,,,,,,
321,301,448,761,6,195,,,,,,
448,195,431,914,138,26,,,,,,
387,375,531,,,,,,,,,
473,248,,,,,,,,,,
248,846,326,963,,,,,,,,
419,,,,,,,,,,,
290,636,250,,,,,,,,,
743,,,,,,,,,,,
743,67,400,422,631,,,,,,,
67,400,891,328,867,,,,,,,
596,136,221,,,,,,,,,
221,188,,,,,,,,,,
737,378,587,709,,,,,,,,
959,701,23,406,739,,,,,,,
348,427,,,,,,,,,,
234,406,881,,,,,,,,,
959,958,419,15,978,,,,,,,
959,958,419,15,978,709,952,,,,,
78,179,445,,,,,,,,,
78,430,615,,,,,,,,,
492,426,985,861,876,,,,,,,
230,455,743,244,395,,,,,,,
595,276,166,,,,,,,,,
479,63,321,653,331,967,173,,,,,
477,389,898,,,,,,,,,
521,14,86,873,327,,,,,,,
704,628,250,44,,,,,,,,
709,854,406,384,707,366,,,,,,
308,524,0,186,822,822,,,,,,
524,162,308,541,34,,,,,,,
641,741,2,,,,,,,,,
764,227,,,,,,,,,,
764,227,349,18,721,472,,,,,,
764,400,,,,,,,,,,
605,915,595,,,,,,,,,
249,441,266,,,,,,,,,
489,400,587,997,,,,,,,,
364,163,512,,,,,,,,,
276,742,308,184,,,,,,,,
452,964,830,,,,,,,,,
435,324,136,,,,,,,,,
805,523,711,654,470,129,,,,,,
653,741,470,253,827,694,,,,,,
457,971,316,963,141,,,,,,,
221,514,202,,,,,,,,,
502,,,,,,,,,,,
44,,,,,,,,,,,
285,229,305,523,770,380,978,596,,,,
380,524,,,,,,,,,,
889,816,,,,,,,,,,
500,737,766,890,408,331,,,,,,
219,663,709,682,,,,,,,,
709,327,310,778,642,,,,,,,
622,964,935,514,313,,,,,,,
221,599,583,854,,,,,,,,
221,408,589,,,,,,,,,
221,408,589,42,,,,,,,,
408,827,501,194,,,,,,,,
552,549,654,,,,,,,,,
881,262,245,113,801,427,,,,,,
801,882,867,173,,,,,,,,
367,190,915,,,,,,,,,
367,555,521,42,,,,,,,,
144,717,879,797,,,,,,,,
797,894,,,,,,,,,,
210,68,492,,,,,,,,,
886,108,595,739,694,,,,,,,
612,492,457,479,,,,,,,,
135,959,709,448,,,,,,,,
744,262,1,,,,,,,,,
3,147,,,,,,,,,,
946,668,883,702,305,,,,,,,
8,706,545,,,,,,,,,
8,706,545,905,828,262,833,116,382,,,
117,117,653,668,,,,,,,,
141,2,,,,,,,,,,
271,828,,,,,,,,,,
966,102,91,,,,,,,,,
245,103,827,920,,,,,,,,
981,99,87,874,651,,,,,,,
973,315,321,403,660,69,,,,,,
852,,,,,,,,,,,
649,655,321,129,119,356,335,672,,,,
917,473,506,542,932,457,,,,,,
542,950,734,245,438,387,,,,,,
438,67,593,86,,,,,,,,
741,709,200,925,445,250,,,,,,
645,839,833,378,859,830,,,,,,
595,246,571,,,,,,,,,
331,508,232,162,117,,,,,,,
331,261,102,964,585,39,733,406,,,,
308,322,882,923,,,,,,,,
230,817,869,441,,,,,,,,
532,374,596,,,,,,,,,
178,664,597,917,,,,,,,,
400,241,,,,,,,,,,
640,139,,,,,,,,,,
121,111,218,,,,,,,,,
550,261,704,,,,,,,,,
190,315,67,932,283,,,,,,,
767,175,288,,,,,,,,,
32,336,914,601,470,141,,,,,,
44,478,245,813,,,,,,,,
512,939,229,,,,,,,,,
21,136,805,615,144,,,,,,,
170,776,974,805,,,,,,,,
805,213,566,387,601,,,,,,,
805,213,828,,,,,,,,,
805,828,438,400,163,16,,,,,,
805,254,750,636,837,91,702,704,635,,,
108,668,724,617,170,,,,,,,
617,663,99,194,,,,,,,,
433,97,215,925,382,,,,,,,
659,411,746,822,,,,,,,,
141,865,138,365,566,,,,,,,
141,138,970,444,,,,,,,,
459,375,617,261,,,,,,,,
49,567,726,599,270,,,,,,,
308,981,,,,,,,,,,
185,221,,,,,,,,,,
250,308,792,266,30,,,,,,,
595,138,324,596,268,,,,,,,
189,514,57,132,822,,,,,,,
76,980,202,585,878,,,,,,,
766,,,,,,,,,,,
490,202,93,724,826,,,,,,,
202,724,583,737,147,,,,,,,
737,147,436,142,595,932,,,,,,
523,191,365,,,,,,,,,
737,971,14,351,,,,,,,,
11,344,,,,,,,,,,
11,485,525,641,,,,,,,,
11,485,430,723,635,709,779,288,709,428,,
635,162,986,,,,,,,,,
589,898,915,768,,,,,,,,
242,319,,,,,,,,,,
781,896,566,,,,,,,,,
194,205,192,586,,,,,,,,
829,370,984,14,,,,,,,,
829,370,984,14,692,,,,,,,
829,370,692,,,,,,,,,
437,229,455,,,,,,,,,
981,221,538,,,,,,,,,
749,909,909,,,,,,,,,
952,406,,,,,,,,,,
376,916,,,,,,,,,,
408,370,,,,,,,,,,
370,851,928,793,630,751,,,,,,
207,817,46,356,,,,,,,,
356,161,963,781,161,,,,,,,
963,582,,,,,,,,,,
963,690,959,,,,,,,,,
886,187,265,170,664,781,,,,,,
664,814,110,36,893,10,,,,,,
593,709,472,,,,,,,,,
386,261,134,479,,,,,,,,
6,448,304,403,733,185,142,279,945,121,515,542
677,912,408,70,234,,,,,,,
593,279,932,532,,,,,,,,
384,163,,,,,,,,,,
67,858,,,,,,,,,,
873,917,331,891,190,788,,,,,,
801,520,977,,,,,,,,,
215,175,331,,,,,,,,,
331,589,,,,,,,,,,
331,589,34,304,792,394,945,,,,,
116,261,981,413,,,,,,,,
261,981,805,30,625,963,850,,,,,
261,359,737,,,,,,,,,
504,307,980,,,,,,,,,
833,790,905,724,,,,,,,,
550,565,21,144,381,408,877,,,,,
56,199,542,449,242,,,,,,,
141,78,,,,,,,,,,
78,671,921,774,774,,,,,,,
681,87,,,,,,,,,,
681,87,476,39,363,733,,,,,,
87,733,49,524,790,,,,,,,
651,,,,,,,,,,,
19,789,831,,,,,,,,,
86,211,,,,,,,,,,
239,601,,,,,,,,,,
14,932,69,413,635,739,584,,,,,
635,815,,,,,,,,,,
762,436,,,,,,,,,,
586,266,161,406,,,,,,,,
552,829,188,741,636,810,272,267,917,364,154,453
783,981,31,,,,,,,,,
42,375,739,,,,,,,,,
375,458,166,,,,,,,,,
959,218,90,265,,,,,,,,
793,641,395,906,959,88,,,,,,
624,783,117,100,628,,,,,,,
2,659,275,737,233,918,305,516,98,,,
37,1,833,737,,,,,,,,
542,328,56,,,,,,,,,
261,115,931,266,963,,,,,,,
665,902,355,826,697,,,,,,,
830,102,315,,,,,,,,,
664,324,252,693,,,,,,,,
664,252,693,,,,,,,,,
28,262,100,659,,,,,,,,
28,405,648,,,,,,,,,
378,688,645,692,221,,,,,,,
728,143,749,81,449,,,,,,,
923,406,798,443,879,18,653,457,881,,,
93,416,906,,,,,,,,,
444,23,,,,,,,,,,
444,427,880,102,520,,,,,,,
959,307,614,,,,,,,,,
860,735,686,783,,,,,,,,
423,437,794,,,,,,,,,
559,946,189,,,,,,,,,
686,,,,,,,,,,,
318,751,878,623,831,,,,,,,
387,532,76,89,801,,,,,,,
514,400,523,967,250,520,,,,,,
351,,,,,,,,,,,
351,140,766,559,578,186,720,,,,,
351,766,578,186,220,,,,,,,
766,378,558,221,12,,,,,,,
589,532,851,104,,,,,,,,
245,562,315,829,,,,,,,,
680,614,394,21,544,183,302,755,,,,
680,394,102,85,308,448,226,239,,,,
60,822,,,,,,,,,,
601,117,,,,,,,,,,
601,117,941,626,,,,,,,,
395,195,42,846,283,844,,,,,,
401,250,,,,,,,,,,
192,660,346,301,967,,,,,,,
959,261,898,819,,,,,,,,
676,614,,,,,,,,,,
931,292,498,,,,,,,,,
889,328,856,,,,,,,,,
303,959,874,577,132,,,,,,,
493,984,428,,,,,,,,,
81,805,265,431,408,,,,,,,
81,265,431,408,,,,,,,,
306,329,939,731,552,970,,,,,,
939,57,601,645,905,,,,,,,
645,905,601,312,567,186,111,,,,,
390,617,630,,,,,,,,,
286,539,336,,,,,,,,,
286,539,336,444,593,526,,,,,,
523,638,677,,,,,,,,,
549,364,,,,,,,,,,
489,181,141,28,,,,,,,,
181,141,19,455,605,357,239,,,,,
567,,,,,,,,,,,
567,390,364,0,240,959,,,,,,
113,951,194,672,,,,,,,,
246,,,,,,,,,,,
461,492,408,524,,,,,,,,
134,287,324,,,,,,,,,
690,30,513,151,779,,,,,,,
90,886,42,692,857,,,,,,,
618,396,,,,,,,,,,
618,396,359,141,,,,,,,,
633,773,614,268,954,,,,,,,
524,829,585,680,815,,,,,,,
903,681,,,,,,,,,,
356,60,,,,,,,,,,
427,,,,,,,,,,,
427,963,277,539,,,,,,,,
158,335,,,,,,,,,,
271,774,663,741,275,,,,,,,
659,718,,,,,,,,,,
659,351,407,595,,,,,,,,
659,407,815,668,978,111,,,,,,
19,,,,,,,,,,,
701,227,749,562,244,585,,,,,,
659,141,68,,,,,,,,,
860,56,875,18,,,,,,,,
467,29,495,858,28,406,680,,,,,
29,406,680,582,,,,,,,,
980,209,295,,,,,,,,,
349,221,457,,,,,,,,,
221,,,,,,,,,,,
229,679,221,,,,,,,,,
550,210,185,901,,,,,,,,
976,350,829,600,499,,,,,,,
801,972,138,443,408,742,220,,,,,
553,267,,,,,,,,,,
352,388,721,15,48,31,195,977,,,,
653,186,833,701,56,944,,,,,,
544,6,267,,,,,,,,,
544,14,443,498,734,387,616,,,,,
616,319,632,,,,,,,,,
102,240,447,118,395,,,,,,,
751,652,749,,,,,,,,,
751,593,542,449,124,,,,,,,
124,141,308,,,,,,,,,
308,137,,,,,,,,,,
137,495,622,821,,,,,,,,
622,218,,,,,,,,,,
449,605,395,327,449,995,781,242,194,,,
605,186,384,,,,,,,,,
750,554,,,,,,,,,,
750,850,,,,,,,,,,
262,829,229,331,,,,,,,,
229,428,,,,,,,,,,
518,494,850,,,,,,,,,
419,690,478,967,104,212,563,,,,,
419,417,220,,,,,,,,,
766,186,,,,,,,,,,
194,19,67,,,,,,,,,
79,755,815,48,,,,,,,,
755,48,829,359,6,,,,,,,
584,917,488,523,408,285,,,,,,
329,552,711,562,715,293,619,582,829,,,
328,831,824,577,800,,,,,,,
328,33,523,389,,,,,,,,
893,615,188,649,67,,,,,,,
607,739,0,222,,,,,,,,
403,172,443,75,,,,,,,,
443,523,215,186,101,11,234,,,,,
821,400,,,,,,,,,,
864,618,,,,,,,,,,
898,499,395,,,,,,,,,
846,276,60,,,,,,,,,
846,276,60,587,143,593,951,386,,,,
108,932,403,378,63,261,132,,,,,
351,91,402,322,751,376,850,,,,,
564,,,,,,,,,,,
494,702,322,,,,,,,,,
230,539,596,,,,,,,,,
555,588,173,12,455,,,,,,,
973,815,,,,,,,,,,
815,331,481,,,,,,,,,
309,41,614,,,,,,,,,
946,,,,,,,,,,,
876,542,81,545,896,324,550,408,749,,,
854,599,,,,,,,,,,
220,916,,,,,,,,,,
431,167,619,426,,,,,,,,
431,542,233,427,,,,,,,,
187,,,,,,,,,,,
549,87,439,88,219,561,66,265,,,,
155,580,,,,,,,,,,
587,87,737,,,,,,,,,
325,396,829,,,,,,,,,
293,252,614,,,,,,,,,
293,252,614,507,626,74,879,,,,,
631,,,,,,,,,,,
631,649,437,749,997,616,,,,,,
959,310,160,,,,,,,,,
408,194,140,882,461,719,254,396,891,,,
891,195,827,,,,,,,,,
504,694,680,187,677,16,,,,,,
408,558,34,140,988,419,,,,,,
475,196,,,,,,,,,,
389,121,808,816,,,,,,,,
828,672,328,427,,,,,,,,
242,584,435,740,,,,,,,,
582,385,612,91,38,404,,,,,,
739,768,988,,,,,,,,,
111,951,858,599,751,308,471,,,,,
111,858,,,,,,,,,,
412,448,,,,,,,,,,
616,949,308,,,,,,,,,
616,949,308,239,,,,,,,,
236,215,315,,,,,,,,,
236,315,449,,,,,,,,,
239,912,601,,,,,,,,,
345,5,283,,,,,,,,,
429,404,833,725,641,172,920,448,,,,
275,702,291,235,244,164,,,,,,
275,235,244,113,187,689,683,,,,,
244,181,,,,,,,,,,
497,544,443,,,,,,,,,
199,,,,,,,,,,,
421,671,586,158,917,815,,,,,,
898,768,773,,,,,,,,,
308,584,827,689,,,,,,,,
158,619,,,,,,,,,,
549,102,939,,,,,,,,,
984,523,912,417,246,,,,,,,
711,152,,,,,,,,,,
711,152,376,,,,,,,,,
893,720,,,,,,,,,,
261,,,,,,,,,,,
261,186,993,,,,,,,,,
1,335,,,,,,,,,,
1,335,766,194,871,272,,,,,,
343,754,953,178,,,,,,,,
754,764,308,315,549,41,154,704,,,,
43,,,,,,,,,,,
786,189,566,,,,,,,,,
951,670,37,828,21,,,,,,,
459,42,783,163,,,,,,,,
815,883,254,,,,,,,,,
815,478,185,,,,,,,,,
595,125,19,717,442,784,,,,,,
269,718,152,681,384,712,,,,,,
415,178,577,,,,,,,,,
335,831,,,,,,,,,,
335,98,344,319,240,,,,,,,
344,586,774,,,,,,,,,
993,234,,,,,,,,,,
680,733,846,,,,,,,,,
680,733,141,596,86,595,94,,,,,
615,898,944,221,609,199,,,,,,
406,449,478,129,41,60,221,,,,,
219,733,183,18,194,,,,,,,
861,507,544,,,,,,,,,
129,152,431,144,368,261,811,,,,,
431,368,827,589,567,390,,,,,,
690,840,724,,,,,,,,,
186,,,,,,,,,,,
166,334,598,,,,,,,,,
750,,,,,,,,,,,
2,154,833,,,,,,,,,
2,154,440,898,,,,,,,,
898,419,668,822,,,,,,,,
532,878,86,808,,,,,,,,
26,,,,,,,,,,,
146,170,844,14,934,,,,,,,
532,189,,,,,,,,,,
742,405,,,,,,,,,,
599,654,500,879,,,,,,,,
500,653,,,,,,,,,,
49,829,184,,,,,,,,,
973,828,664,94,549,,,,,,,
828,854,750,186,389,,,,,,,
141,993,30,326,654,,,,,,,
408,532,286,668,56,,,,,,,
932,663,270,621,,,,,,,,
596,829,0,863,,,,,,,,
704,465,118,,,,,,,,,
704,465,118,774,365,18,,,,,,
118,24,34,,,,,,,,,
6,917,274,850,202,,,,,,,
187,824,56,,,,,,,,,
690,847,111,331,116,,,,,,,
111,908,522,,,,,,,,,
908,416,959,625,,,,,,,,
625,878,667,86,878,,,,,,,
878,242,615,275,170,,,,,,,
558,892,567,,,,,,,,,
892,21,724,186,640,744,,,,,,
188,492,706,806,28,,,,,,,
720,550,595,839,,,,,,,,
20,617,1,111,,,,,,,,
46,,,,,,,,,,,
792,744,683,4,358,207,,,,,,
744,683,536,751,,,,,,,,
561,695,,,,,,,,,,
24,162,154,424,,,,,,,,
86,593,916,,,,,,,,,
205,872,342,324,331,,,,,,,
854,409,514,,,,,,,,,
514,408,478,523,,,,,,,,
478,47,16,,,,,,,,,
361,244,,,,,,,,,,
2,431,270,743,865,653,197,850,,,,
550,406,471,563,246,,,,,,,
519,26,0,761,690,,,,,,,
26,236,466,147,,,,,,,,
657,100,,,,,,,,,,
308,822,959,,,,,,,,,
822,261,895,,,,,,,,,
504,690,215,170,409,523,,,,,,
596,184,92,,,,,,,,,
60,783,774,,,,,,,,,
583,725,356,401,,,,,,,,
356,60,808,,,,,,,,,
59,331,90,318,,,,,,,,
478,86,,,,,,,,,,
478,86,328,544,822,72,709,623,423,186,56,292
49,136,756,,,,,,,,,
771,657,334,524,,,,,,,,
550,184,507,,,,,,,,,
733,589,816,402,132,,,,,,,
76,852,,,,,,,,,,
172,618,107,,,,,,,,,
946,326,912,830,478,,,,,,,
946,56,321,542,792,,,,,,,
474,902,966,,,,,,,,,
322,792,,,,,,,,,,
56,444,,,,,,,,,,
412,737,6,587,680,187,,,,,,
412,737,6,587,680,187,,,,,,
89,322,110,431,848,57,,,,,,
824,599,195,244,18,215,742,,,,,
154,801,773,,,,,,,,,
408,393,934,,,,,,,,,
408,555,595,,,,,,,,,
310,786,552,288,346,,,,,,,
873,443,796,,,,,,,,,
866,776,589,,,,,,,,,
776,696,992,880,14,699,,,,,,
886,709,,,,,,,,,,
48,300,608,110,192,,,,,,,
635,419,250,,,,,,,,,
725,946,,,,,,,,,,
946,57,,,,,,,,,,
186,304,891,805,769,,,,,,,
533,858,3,178,589,,,,,,,
589,136,,,,,,,,,,
898,562,,,,,,,,,,
917,981,,,,,,,,,,
519,394,1,,,,,,,,,
394,99,,,,,,,,,,
550,396,,,,,,,,,,
742,296,980,789,562,115,,,,,,
596,319,328,558,,,,,,,,
898,646,428,313,75,,,,,,,
898,646,428,75,353,680,419,704,,,,
680,704,917,650,912,704,,,,,,
704,704,702,499,831,739,,,,,,
857,186,589,,,,,,,,,
538,410,108,,,,,,,,,
108,846,3,861,,,,,,,,
445,616,419,325,,,,,,,,
496,44,478,701,593,14,,,,,,
154,427,222,647,478,,,,,,,
749,258,,,,,,,,,,
749,487,829,733,596,,,,,,,
932,308,919,709,549,,,,,,,
378,737,192,440,221,533,776,,,,,
593,187,585,734,132,,,,,,,
168,245,,,,,,,,,,
550,170,628,595,917,,,,,,,
408,154,375,261,276,,,,,,,
706,595,409,186,378,,,,,,,
315,892,248,229,49,,,,,,,
14,596,186,,,,,,,,,
769,615,53,161,639,,,,,,,
362,526,230,,,,,,,,,
552,704,978,857,416,63,,,,,,
308,154,,,,,,,,,,
245,852,718,6,,,,,,,,
593,254,,,,,,,,,,
562,,,,,,,,,,,
964,726,,,,,,,,,,
544,526,455,,,,,,,,,
540,833,245,614,170,387,778,,,,,
448,618,,,,,,,,,,
277,434,889,99,339,,,,,,,
725,23,384,,,,,,,,,
443,531,268,,,,,,,,,
279,356,194,,,,,,,,,
279,356,194,751,800,,,,,,,
856,134,,,,,,,,,,
101,250,543,452,321,,,,,,,
448,,,,,,,,,,,
813,186,49,221,909,242,,,,,,
110,935,316,390,750,172,514,,,,,
774,599,54,170,649,427,773,,,,,
774,184,809,,,,,,,,,
184,144,656,986,,,,,,,,
184,144,656,946,261,72,,,,,,
348,671,589,445,430,,,,,,,
854,26,891,43,898,,,,,,,
562,558,690,110,,,,,,,,
161,946,,,,,,,,,,
315,,,,,,,,,,,
315,958,110,709,,,,,,,,
315,958,110,709,,,,,,,,
641,605,741,154,161,,,,,,,
792,135,105,303,,,,,,,,
135,310,,,,,,,,,,
20,147,946,56,189,849,,,,,,
20,147,946,56,849,227,,,,,,
20,147,262,54,119,390,136,,,,,
262,387,748,781,605,38,234,,,,,
478,86,117,917,,,,,,,,
507,198,621,773,,,,,,,,
549,616,505,,,,,,,,,
880,,,,,,,,,,,
857,733,148,,,,,,,,,
857,644,596,867,140,,,,,,,
195,371,805,435,,,,,,,,
435,523,346,797,221,,,,,,,
219,185,225,891,,,,,,,,
878,563,617,963,620,,,,,,,
555,792,250,862,19,408,170,915,,,,
218,102,,,,,,,,,,
102,261,741,550,108,868,,,,,,
102,402,2,667,159,532,,,,,,
667,14,72,464,783,403,623,542,,,,
262,898,321,189,292,359,162,,,,,
292,265,315,313,609,,,,,,,
113,810,400,398,,,,,,,,
400,398,67,,,,,,,,,
400,67,577,,,,,,,,,
16,477,170,901,63,917,94,,,,,
984,993,413,923,387,,,,,,,
413,26,932,709,649,,,,,,,
26,681,459,68,873,305,,,,,,
431,,,,,,,,,,,
792,,,,,,,,,,,
35,132,,,,,,,,,,
35,690,698,4,216,,,,,,,
690,764,,,,,,,,,,
840,589,842,406,768,,,,,,,
720,5,951,,,,,,,,,
657,286,448,523,919,,,,,,,
485,429,612,403,,,,,,,,
459,31,117,851,390,,,,,,,
349,280,335,,,,,,,,,
858,110,296,339,170,,,,,,,
187,258,941,919,,,,,,,,
310,440,439,62,917,,,,,,,
736,,,,,,,,,,,
736,19,875,614,,,,,,,,
14,945,848,266,757,,,,,,,
577,124,172,683,756,,,,,,,
822,663,154,,,,,,,,,
822,191,988,187,241,,,,,,,
386,459,,,,,,,,,,
459,595,,,,,,,,,,
659,776,579,,,,,,,,,
789,719,170,589,,,,,,,,
880,963,521,129,406,,,,,,,
129,6,614,,,,,,,,,
6,614,310,403,778,,,,,,,
331,939,294,912,11,,,,,,,
195,,,,,,,,,,,
867,221,1,331,928,86,587,1,459,,,
1,995,293,599,,,,,,,,
599,242,724,,,,,,,,,
6,946,859,,,,,,,,,
859,847,,,,,,,,,,
766,408,195,431,240,265,186,310,,,,
766,478,558,172,742,290,850,,,,,
917,166,724,,,,,,,,,
879,319,504,618,85,428,,,,,,
214,,,,,,,,,,,
401,419,328,,,,,,,,,
29,117,749,,,,,,,,,
970,631,861,701,202,,,,,,,
916,620,749,448,351,,,,,,,
558,,,,,,,,,,,
558,628,48,,,,,,,,,
699,313,916,143,308,846,,,,,,
376,,,,,,,,,,,
314,244,614,250,187,,,,,,,
195,542,178,24,891,615,,,,,,
578,26,577,636,490,,,,,,,
578,240,205,395,951,691,,,,,,
408,720,474,378,,,,,,,,
474,810,917,,,,,,,,,
262,67,,,,,,,,,,
939,593,,,,,,,,,,
593,,,,,,,,,,,
822,677,780,614,254,6,,,,,,
495,184,873,,,,,,,,,
992,108,44,,,,,,,,,
44,545,395,859,,,,,,,,
857,351,,,,,,,,,,
426,170,561,,,,,,,,,
742,351,822,325,197,,,,,,,
649,28,262,523,925,917,,,,,,
827,917,132,,,,,,,,,
132,162,912,758,492,,,,,,,
912,701,709,596,586,755,618,,,,,
310,830,,,,,,,,,,
236,,,,,,,,,,,
344,850,691,138,567,628,701,,,,,
850,920,128,563,595,,,,,,,
850,128,595,31,46,521,,,,,,
850,482,138,,,,,,,,,
138,132,91,585,,,,,,,,
812,43,349,778,914,26,239,,,,,
910,893,898,810,210,126,190,388,689,348,134,
874,37,704,90,593,,,,,,,
599,154,315,454,,,,,,,,
345,800,,,,,,,,,,
831,437,,,,,,,,,,
437,135,886,593,403,,,,,,,
113,797,680,87,,,,,,,,
298,858,574,248,,,,,,,,
500,798,827,568,,,,,,,,
938,773,,,,,,,,,,
225,639,149,144,,,,,,,,
859,116,619,,,,,,,,,
265,244,466,577,,,,,,,,
628,328,185,141,,,,,,,,
426,67,934,506,182,473,808,,,,,
72,94,679,,,,,,,,,
851,957,2,,,,,,,,,
288,895,144,288,,,,,,,,
288,635,620,,,,,,,,,
539,792,599,931,301,,,,,,,
599,301,880,601,48,,,,,,,
601,48,100,286,215,,,,,,,
48,574,,,,,,,,,,
455,72,34,995,,,,,,,,
846,889,589,152,,,,,,,,
858,425,,,,,,,,,,
14,599,407,865,504,,,,,,,
438,533,520,308,416,,,,,,,
703,905,132,827,,,,,,,,
218,402,614,202,351,147,,,,,,
523,653,802,188,,,,,,,,
652,599,877,808,,,,,,,,
690,234,680,,,,,,,,,
86,492,261,850,,,,,,,,
136,,,,,,,,,,,
783,597,269,738,726,,,,,,,
881,828,60,,,,,,,,,
170,922,950,891,117,,,,,,,
26,749,200,357,421,799,425,,,,,
261,934,709,679,533,867,92,496,776,,,
242,,,,,,,,,,,
784,414,269,136,5,,,,,,,
42,116,935,,,,,,,,,
406,36,,,,,,,,,,
931,15,,,,,,,,,,
15,72,57,32,,,,,,,,
313,60,154,755,,,,,,,,
815,945,177,,,,,,,,,
693,604,577,950,,,,,,,,
768,605,905,455,482,,,,,,,
946,324,737,812,677,,,,,,,
755,850,595,866,,,,,,,,
25,966,301,395,,,,,,,,
992,773,741,624,602,,,,,,,
602,52,842,478,828,,,,,,,
963,358,636,,,,,,,,,
834,597,86,531,,,,,,,,
100,514,,,,,,,,,,
683,741,,,,,,,,,,
713,,,,,,,,,,,
207,631,,,,,,,,,,
952,769,,,,,,,,,,
679,900,558,831,,,,,,,,
587,878,221,310,473,322,,,,,,
141,31,852,,,,,,,,,
141,737,146,351,,,,,,,,
141,639,266,,,,,,,,,
524,925,810,680,,,,,,,,
614,194,589,,,,,,,,,
697,90,639,,,,,,,,,
744,505,864,,,,,,,,,
210,617,18,,,,,,,,,
704,186,779,610,,,,,,,,
704,610,349,85,330,,,,,,,
349,451,,,,,,,,,,
274,959,136,,,,,,,,,
274,959,290,,,,,,,,,
959,290,57,108,,,,,,,,
56,671,967,650,,,,,,,,
56,433,6,205,11,,,,,,,
6,746,523,853,,,,,,,,
709,,,,,,,,,,,
709,387,552,408,,,,,,,,
709,406,43,672,,,,,,,,
21,56,277,,,,,,,,,
725,387,,,,,,,,,,
725,657,421,349,,,,,,,,
977,315,,,,,,,,,,
163,844,959,449,,,,,,,,
959,433,,,,,,,,,,
433,1,908,995,,,,,,,,
490,416,497,38,,,,,,,,
932,14,738,,,,,,,,,
889,563,,,,,,,,,,
394,504,443,709,,,,,,,,
474,837,967,686,,,,,,,,
971,85,83,737,945,219,,,,,,
141,395,858,770,852,712,792,,,,,
315,196,305,221,227,78,568,187,525,640,123,
842,585,,,,,,,,,,
587,321,221,619,773,,,,,,,
513,631,32,776,,,,,,,,
776,588,768,234,376,809,391,,,,,
210,898,492,,,,,,,,,
492,504,152,452,199,,,,,,,
492,504,152,452,,,,,,,,
492,48,218,422,,,,,,,,
448,668,846,591,593,664,,,,,,
139,122,831,,,,,,,,,
925,701,319,624,265,,,,,,,
319,773,596,934,12,300,593,408,,,,
773,596,797,981,461,,,,,,,
797,30,,,,,,,,,,
797,829,847,,,,,,,,,
321,653,,,,,,,,,,
640,747,,,,,,,,,,
833,569,316,292,641,932,882,750,,,,
316,292,326,659,408,124,366,427,185,,,
893,783,270,667,,,,,,,,
770,521,120,363,514,,,,,,,
335,448,,,,,,,,,,
322,60,589,494,,,,,,,,
589,984,199,311,,,,,,,,
195,472,443,,,,,,,,,
195,478,585,,,,,,,,,
419,550,505,166,730,,,,,,,
49,742,632,909,959,428,,,,,,
599,310,127,,,,,,,,,
822,589,433,852,709,725,,,,,,
431,749,915,,,,,,,,,
915,620,,,,,,,,,,
704,980,319,349,,,,,,,,
874,492,797,,,,,,,,,
102,690,828,807,711,,,,,,,
21,739,455,,,,,,,,,
979,67,628,181,,,,,,,,
179,626,232,951,,,,,,,,
18,166,939,692,56,622,,,,,,
830,218,97,,,,,,,,,
218,495,401,319,,,,,,,,
852,568,737,917,773,,,,,,,
745,756,621,308,41,,,,,,,
413,552,12,694,,,,,,,,
593,400,859,,,,,,,,,
482,577,49,436,175,,,,,,,
750,829,790,181,923,,,,,,,
141,875,0,999,,,,,,,,
417,394,205,60,617,,,,,,,
790,209,,,,,,,,,,
803,740,967,220,,,,,,,,
189,273,992,218,527,16,,,,,,
408,367,86,250,1,321,123,143,715,,,
408,715,427,385,,,,,,,,
789,,,,,,,,,,,
348,656,348,,,,,,,,,
261,965,318,213,,,,,,,,
18,406,704,757,67,,,,,,,
762,762,522,,,,,,,,,
124,36,587,203,298,,,,,,,
269,869,737,310,20,,,,,,,
141,307,395,540,875,,,,,,,
141,875,408,141,771,,,,,,,
141,,,,,,,,,,,
582,154,67,,,,,,,,,
628,742,74,,,,,,,,,
28,963,524,108,321,621,,,,,,
28,524,430,258,925,,,,,,,
457,617,,,,,,,,,,
725,,,,,,,,,,,
981,401,,,,,,,,,,
232,345,712,601,,,,,,,,
720,261,,,,,,,,,,
24,945,431,346,879,134,,,,,,
811,210,,,,,,,,,,
210,419,,,,,,,,,,
56,910,,,,,,,,,,
910,959,134,585,442,474,,,,,,
42,704,952,,,,,,,,,
312,966,951,545,,,,,,,,
724,567,821,,,,,,,,,
724,567,821,370,473,893,862,,,,,
919,912,,,,,,,,,,
67,932,576,396,,,,,,,,
67,221,144,753,,,,,,,,
416,863,321,,,,,,,,,
26,221,,,,,,,,,,
742,327,659,764,,,,,,,,
328,739,645,,,,,,,,,
521,843,542,420,218,,,,,,,
542,420,562,,,,,,,,,
823,783,596,,,,,,,,,
783,959,408,,,,,,,,,
457,392,767,144,285,187,61,919,,,,
111,589,797,945,,,,,,,,
11,135,,,,,,,,,,
11,815,522,,,,,,,,,
159,649,319,,,,,,,,,
993,893,973,328,628,,,,,,,
893,328,628,244,366,416,18,,,,,
175,900,689,646,443,,,,,,,
239,137,764,,,,,,,,,
577,967,830,348,20,406,,,,,,
437,,,,,,,,,,,
861,431,308,193,,,,,,,,
538,290,922,,,,,,,,,
538,290,922,878,134,56,,,,,,
492,335,364,617,912,565,,,,,,
732,,,,,,,,,,,
689,2,597,501,,,,,,,,
178,67,,,,,,,,,,
856,595,183,806,,,,,,,,
856,56,67,801,549,50,744,,,,,
56,67,147,536,,,,,,,,
518,326,568,732,,,,,,,,
827,886,72,826,,,,,,,,
879,554,,,,,,,,,,
267,774,854,,,,,,,,,
726,446,831,,,,,,,,,
633,328,992,375,403,749,761,323,,,,
16,908,,,,,,,,,,
601,344,791,,,,,,,,,
19,162,,,,,,,,,,
869,664,478,,,,,,,,,
438,,,,,,,,,,,
709,733,755,774,504,,,,,,,
190,67,595,124,,,,,,,,
390,141,690,345,523,,,,,,,
805,289,799,,,,,,,,,
376,442,,,,,,,,,,
967,161,170,45,331,304,536,,,,,
324,18,,,,,,,,,,
286,799,945,403,,,,,,,,
286,945,403,,,,,,,,,
286,945,0,850,,,,,,,,
78,406,852,,,,,,,,,
783,937,90,6,807,550,916,423,833,931,601,
826,755,856,,,,,,,,,
716,741,140,919,448,,,,,,,
121,649,521,258,,,,,,,,
121,521,258,881,659,229,215,,,,,
324,696,942,,,,,,,,,
449,,,,,,,,,,,
449,303,136,621,,,,,,,,
303,874,791,864,,,,,,,,
18,,,,,,,,,,,
662,849,,,,,,,,,,
593,577,172,987,,,,,,,,
481,479,,,,,,,,,,
732,408,194,39,850,,,,,,,
213,946,178,140,,,,,,,,
77,562,423,239,,,,,,,,
28,136,593,,,,,,,,,
204,19,653,,,,,,,,,
147,413,680,441,668,,,,,,,
348,468,778,31,813,,,,,,,
739,702,427,677,233,,,,,,,
706,431,6,67,,,,,,,,
170,94,,,,,,,,,,
326,993,72,242,550,465,589,,,,,
596,967,366,917,,,,,,,,
593,,,,,,,,,,,
545,248,694,,,,,,,,,
452,607,,,,,,,,,,
653,792,563,576,485,,,,,,,
917,833,19,,,,,,,,,
495,426,,,,,,,,,,
898,872,698,220,,,,,,,,
898,220,215,,,,,,,,,
603,184,549,,,,,,,,,
603,184,72,113,,,,,,,,
416,507,270,244,859,,,,,,,
677,244,339,29,492,501,,,,,,
668,514,389,950,440,,,,,,,
365,6,334,108,,,,,,,,
721,966,431,161,700,119,605,,,,,
593,132,279,,,,,,,,,
550,34,656,346,,,,,,,,
34,310,6,,,,,,,,,
886,18,458,639,51,,,,,,,
325,,,,,,,,,,,
349,709,4,806,,,,,,,,
797,609,941,428,349,521,56,,,,,
733,324,514,918,,,,,,,,
917,783,190,,,,,,,,,
783,422,172,898,878,425,,,,,,
406,394,,,,,,,,,,
196,801,222,532,596,,,,,,,
365,,,,,,,,,,,
562,701,241,619,54,,,,,,,
384,596,,,,,,,,,,
384,833,739,319,67,,,,,,,
90,645,49,329,,,,,,,,
730,737,,,,,,,,,,
696,293,664,39,616,60,6,909,,,,
258,140,8,116,,,,,,,,
140,430,750,916,,,,,,,,
909,792,161,,,,,,,,,
143,524,87,352,,,,,,,,
869,544,,,,,,,,,,
544,521,185,261,221,,,,,,,
792,240,582,860,413,,,,,,,
724,123,938,599,,,,,,,,
132,589,14,640,,,,,,,,
704,850,,,,,,,,,,
850,304,967,43,,,,,,,,
43,410,512,134,41,288,,,,,,
288,191,14,451,,,,,,,,
764,321,449,300,766,,,,,,,
764,766,91,826,801,403,186,,,,,
91,981,400,512,281,419,,,,,,
400,512,419,618,239,366,,,,,,
618,239,587,220,349,778,,,,,,
587,778,57,308,713,619,,,,,,
318,619,127,136,,,,,,,,
504,725,505,,,,,,,,,
657,931,423,,,,,,,,,
846,662,605,599,,,,,,,,
768,614,115,,,,,,,,,
768,514,67,307,352,898,452,,,,,
190,396,478,99,,,,,,,,
893,,,,,,,,,,,
967,115,692,,,,,,,,,
850,330,132,391,708,600,500,315,879,,,
478,567,143,544,344,270,,,,,,
143,416,425,219,,,,,,,,
470,783,189,478,917,,,,,,,
508,,,,,,,,,,,
733,118,215,425,186,,,,,,,
388,117,743,,,,,,,,,
743,131,75,585,,,,,,,,
917,167,94,630,436,,,,,,,
431,452,35,664,550,,,,,,,
931,550,431,60,,,,,,,,
864,34,919,,,,,,,,,
290,659,,,,,,,,,,
558,182,117,310,18,,,,,,,
319,,,,,,,,,,,
773,108,945,920,39,,,,,,,
773,108,945,920,265,,,,,,,
67,778,568,,,,,,,,,
633,190,923,910,,,,,,,,
810,518,,,,,,,,,,
701,497,645,750,232,452,,,,,,
164,60,957,408,,,,,,,,
957,318,422,403,,,,,,,,
270,438,879,12,,,,,,,,
270,879,,,,,,,,,,
772,398,186,315,,,,,,,,
315,35,288,,,,,,,,,
286,143,,,,,,,,,,
190,829,,,,,,,,,,
598,162,,,,,,,,,,
903,811,,,,,,,,,,
395,,,,,,,,,,,
98,858,742,846,187,489,99,185,595,,,
319,945,569,30,656,,,,,,,
527,959,,,,,,,,,,
324,108,142,205,90,820,,,,,,
163,507,149,433,736,81,490,,,,,
34,589,239,470,103,,,,,,,
103,992,,,,,,,,,,
75,659,324,692,,,,,,,,
276,406,72,452,242,349,,,,,,
889,792,755,324,29,741,427,,,,,
29,932,34,995,,,,,,,,
898,,,,,,,,,,,
898,744,185,709,280,135,,,,,,
744,128,532,,,,,,,,,
265,427,,,,,,,,,,
889,967,,,,,,,,,,
8,932,589,445,322,,,,,,,
589,523,18,862,124,59,,,,,,
925,714,308,,,,,,,,,
925,615,242,,,,,,,,,
917,376,,,,,,,,,,
328,426,555,720,207,,,,,,,
426,720,195,307,,,,,,,,
555,531,,,,,,,,,,
284,532,886,914,472,,,,,,,
284,446,143,717,,,,,,,,
431,396,416,,,,,,,,,
163,926,,,,,,,,,,
138,542,989,342,,,,,,,,
141,81,751,211,,,,,,,,
699,296,330,367,218,,,,,,,
296,640,601,,,,,,,,,
146,67,189,99,981,,,,,,,
86,26,614,980,,,,,,,,
902,202,88,577,21,376,,,,,,
902,88,577,128,,,,,,,,
407,16,599,896,633,,,,,,,
920,141,248,816,,,,,,,,
564,890,,,,,,,,,,
431,550,827,504,,,,,,,,
437,751,273,3,,,,,,,,
376,230,587,852,0,,,,,,,
452,959,426,,,,,,,,,
452,720,111,472,186,,,,,,,
431,822,990,60,,,,,,,,
91,288,916,,,,,,,,,
221,875,,,,,,,,,,
189,881,544,,,,,,,,,
178,18,144,826,903,518,,,,,,
969,305,90,733,132,601,539,,,,,
932,827,,,,,,,,,,
219,995,441,737,,,,,,,,
861,474,653,926,635,,,,,,,
861,850,60,39,,,,,,,,
38,955,239,61,,,,,,,,
935,28,872,117,,,,,,,,
524,928,917,6,,,,,,,,
307,101,221,,,,,,,,,
867,794,365,315,555,,,,,,,
766,563,837,444,,,,,,,,
526,162,833,649,,,,,,,,
639,,,,,,,,,,,
425,612,,,,,,,,,,
612,185,11,946,601,,,,,,,
438,847,158,,,,,,,,,
438,158,587,967,489,433,878,,,,,
5,762,577,14,42,209,190,,,,,
14,32,187,408,,,,,,,,
14,408,6,506,32,431,,,,,,
664,766,307,,,,,,,,,
664,766,307,599,214,,,,,,,
504,347,,,,,,,,,,
347,662,221,253,26,,,,,,,
363,297,959,524,826,,,,,,,
273,190,979,154,502,649,,,,,,
42,478,683,751,111,56,473,,,,,
478,662,99,504,102,,,,,,,
221,886,676,175,,,,,,,,
886,175,506,,,,,,,,,
563,582,596,966,362,,,,,,,
672,308,448,134,739,,,,,,,
308,810,526,,,,,,,,,
214,38,746,,,,,,,,,
593,986,,,,,,,,,,
619,749,477,764,861,803,601,,,,,
459,24,906,181,,,,,,,,
906,649,85,,,,,,,,,
616,99,323,,,,,,,,,
323,121,524,702,,,,,,,,
240,274,478,951,170,,,,,,,
313,234,833,795,324,117,932,,,,,
978,194,232,,,,,,,,,
494,140,321,300,419,56,,,,,,
327,704,,,,,,,,,,
704,281,101,514,,,,,,,,
322,934,563,,,,,,,,,
764,396,16,419,,,,,,,,
783,598,,,,,,,,,,
656,915,773,,,,,,,,,
34,195,325,110,,,,,,,,
195,792,722,,,,,,,,,
194,706,285,781,,,,,,,,
194,706,733,72,86,50,218,5,449,,,
218,941,781,981,879,805,500,145,,,,
279,523,847,60,939,48,,,,,,
91,72,593,,,,,,,,,
319,740,,,,,,,,,,
740,567,690,331,349,,,,,,,
524,945,,,,,,,,,,
916,793,593,170,,,,,,,,
567,319,446,951,61,,,,,,,
751,662,215,653,523,,,,,,,
850,619,129,113,524,227,402,603,,,,
91,592,823,626,455,,,,,,,
959,552,401,764,93,,,,,,,
18,,,,,,,,,,,
18,524,,,,,,,,,,
583,612,,,,,,,,,,
737,683,544,344,993,,,,,,,
183,44,527,798,,,,,,,,
139,262,717,,,,,,,,,
922,577,966,690,,,,,,,,
261,473,473,862,565,,,,,,,
335,221,,,,,,,,,,
221,881,193,738,711,,,,,,,
738,852,139,,,,,,,,,
141,195,778,,,,,,,,,
141,195,778,,,,,,,,,
870,932,46,59,781,895,81,168,,,,
46,781,895,845,678,912,445,,,,,
19,751,111,811,783,,,,,,,
919,805,190,868,,,,,,,,
186,578,524,170,632,,,,,,,
236,896,657,952,,,,,,,,
896,949,458,925,741,980,,,,,,
495,741,659,,,,,,,,,
891,449,980,,,,,,,,,
874,625,427,773,449,,,,,,,
593,423,137,70,,,,,,,,
593,746,134,241,128,621,252,805,,,,
364,190,67,983,623,448,,,,,,
67,189,376,12,,,,,,,,
189,185,891,99,,,,,,,,
189,185,774,,,,,,,,,
189,185,449,492,690,,,,,,,
561,992,549,998,659,,,,,,,
522,653,,,,,,,,,,
522,653,428,608,720,,,,,,,
855,923,21,783,,,,,,,,
933,792,,,,,,,,,,
186,132,,,,,,,,,,
132,205,901,181,778,,,,,,,
578,752,428,,,,,,,,,
578,428,108,389,,,,,,,,
108,389,741,422,,,,,,,,
615,772,623,,,,,,,,,
395,416,674,967,301,,,,,,,
610,492,640,178,346,952,,,,,,
935,416,414,,,,,,,,,
478,596,702,,,,,,,,,
396,970,407,,,,,,,,,
656,577,,,,,,,,,,
656,577,349,739,931,86,922,445,,,,
569,191,501,321,542,828,,,,,,
542,805,6,14,457,,,,,,,
724,743,671,862,270,523,,,,,,
492,471,783,,,,,,,,,
700,655,659,,,,,,,,,
987,761,992,,,,,,,,,
706,545,,,,,,,,,,
952,359,,,,,,,,,,
981,,,,,,,,,,,
478,352,512,327,190,664,,,,,,
34,319,653,,,,,,,,,
34,593,800,102,872,,,,,,,
805,366,871,768,,,,,,,,
939,614,,,,,,,,,,
886,81,98,859,389,230,,,,,,
605,,,,,,,,,,,
424,866,266,659,,,,,,,,
690,597,478,,,,,,,,,
131,612,595,,,,,,,,,
783,824,215,507,,,,,,,,
50,319,589,959,18,99,,,,,,
879,204,,,,,,,,,,
646,240,526,,,,,,,,,
526,427,686,846,593,79,,,,,,
426,917,241,600,321,485,,,,,,
612,11,552,824,,,,,,,,
335,,,,,,,,,,,
645,593,139,511,712,599,,,,,,
215,351,951,827,979,915,431,664,141,513,33,
934,891,889,668,,,,,,,,
588,266,677,238,952,516,,,,,,
677,38,66,751,,,,,,,,
730,489,941,527,111,,,,,,,
610,750,898,,,,,,,,,
308,221,874,185,48,,,,,,,
188,336,,,,,,,,,,
854,196,,,,,,,,,,
650,376,120,641,,,,,,,,
650,376,645,672,177,910,270,,,,,
56,366,274,850,288,,,,,,,
146,478,600,879,749,413,584,,,,,
413,72,500,878,445,,,,,,,
801,435,329,48,194,,,,,,,
48,489,345,748,,,,,,,,
5,704,451,,,,,,,,,
704,623,,,,,,,,,,
63,111,,,,,,,,,,
709,918,660,50,,,,,,,,
210,779,,,,,,,,,,
210,740,62,,,,,,,,,
740,30,,,,,,,,,,
359,14,98,821,420,,,,,,,
98,821,580,,,,,,,,,
98,161,212,322,,,,,,,,
892,117,,,,,,,,,,
473,56,711,980,77,,,,,,,
56,711,140,,,,,,,,,
18,615,,,,,,,,,,
307,946,60,,,,,,,,,
60,396,597,653,,,,,,,,
60,914,378,142,451,690,,,,,,
0,254,919,925,,,,,,,,
733,,,,,,,,,,,
314,170,,,,,,,,,,
50,614,917,663,,,,,,,,
691,72,879,,,,,,,,,
709,438,822,308,675,,,,,,,
623,925,994,,,,,,,,,
367,741,22,219,,,,,,,,
595,846,,,,,,,,,,
81,124,517,,,,,,,,,
932,34,,,,,,,,,,
932,34,24,186,827,830,,,,,,
557,23,649,,,,,,,,,
23,964,856,143,26,741,500,221,778,,,
349,774,117,680,,,,,,,,
77,550,72,351,815,273,,,,,,
273,805,,,,,,,,,,
77,680,123,859,932,,,,,,,
144,34,717,631,,,,,,,,
34,679,315,,,,,,,,,
199,108,,,,,,,,,,
151,912,595,854,720,326,,,,,,
21,506,301,34,680,,,,,,,
21,948,,,,,,,,,,
262,614,850,,,,,,,,,
343,861,,,,,,,,,,
152,514,802,,,,,,,,,
967,923,321,,,,,,,,,
967,923,321,645,,,,,,,,
79,,,,,,,,,,,
670,400,868,595,202,,,,,,,
670,868,595,155,119,408,437,,,,,
981,419,,,,,,,,,,
479,,,,,,,,,,,
108,567,85,494,,,,,,,,
680,997,445,403,739,,,,,,,
997,445,403,739,,,,,,,,
692,668,162,568,,,,,,,,
54,612,,,,,,,,,,
54,85,353,717,97,353,,,,,,
97,878,794,,,,,,,,,
97,878,794,958,108,855,,,,,,
739,765,375,218,732,116,186,958,,,,
958,749,485,478,805,,,,,,,
912,847,14,141,,,,,,,,
14,891,338,491,802,143,928,279,,,,
338,928,308,739,406,587,,,,,,
91,801,798,709,162,34,793,,,,,
668,190,781,995,189,,,,,,,
981,545,,,,,,,,,,
981,545,868,875,431,,,,,,,
645,81,492,,,,,,,,,
146,271,181,805,867,,,,,,,
271,805,489,123,,,,,,,,
18,170,487,,,,,,,,,
445,599,250,,,,,,,,,
445,599,342,,,,,,,,,
170,923,331,460,239,,,,,,,
465,345,932,,,,,,,,,
76,307,665,190,981,387,279,,,,,
76,419,913,671,980,,,,,,,
215,516,,,,,,,,,,
516,455,523,310,321,,,,,,,
623,,,,,,,,,,,
623,653,449,690,288,365,,,,,,
449,524,376,751,,,,,,,,
395,737,147,,,,,,,,,
706,830,161,702,,,,,,,,
649,307,321,815,172,593,,,,,,
452,194,667,431,60,980,,,,,,
978,479,600,,,,,,,,,
978,600,653,400,,,,,,,,
739,56,387,452,,,,,,,,
56,427,482,923,923,690,574,,,,,
923,984,377,10,565,,,,,,,
828,489,111,613,445,34,810,721,,,,
613,445,713,514,782,874,,,,,,
799,737,,,,,,,,,,
799,737,750,,,,,,,,,
131,738,70,,,,,,,,,
117,172,140,,,,,,,,,
445,21,709,635,,,,,,,,
21,709,279,374,440,16,,,,,,
4,321,318,970,,,,,,,,
873,562,,,,,,,,,,
197,959,43,676,110,,,,,,,
676,392,349,891,692,378,234,,,,,
23,227,614,628,,,,,,,,
614,773,,,,,,,,,,
822,115,179,526,,,,,,,,
192,833,479,,,,,,,,,
479,742,829,749,,,,,,,,
742,523,608,163,912,781,,,,,,
659,645,,,,,,,,,,
875,188,279,554,421,,,,,,,
554,768,901,,,,,,,,,
901,628,324,,,,,,,,,
14,659,565,663,,,,,,,,
769,523,805,413,,,,,,,,
349,552,258,623,893,603,,,,,,
349,375,421,,,,,,,,,
437,489,549,822,,,,,,,,
489,221,119,309,653,,,,,,,
94,649,388,696,740,,,,,,,
378,310,102,474,,,,,,,,
378,957,492,78,437,,,,,,,
755,587,,,,,,,,,,
12,531,310,,,,,,,,,
12,531,310,875,422,622,,,,,,
403,315,801,861,,,,,,,,
399,136,258,932,552,,,,,,,
118,63,,,,,,,,,,
253,,,,,,,,,,,
204,148,,,,,,,,,,
732,233,187,917,406,240,192,322,546,523,,
732,187,917,,,,,,,,,
951,567,951,,,,,,,,,
151,67,949,574,916,3,850,,,,,
831,616,6,399,416,,,,,,,
328,645,218,33,542,853,,,,,,
143,653,499,711,154,895,,,,,,
686,,,,,,,,,,,
686,437,653,56,149,751,923,24,,,,
709,457,197,,,,,,,,,
457,111,128,981,,,,,,,,
618,336,532,723,,,,,,,,
584,321,,,,,,,,,,
39,704,,,,,,,,,,
523,319,42,351,,,,,,,,
749,558,452,155,427,507,132,421,,,,
532,,,,,,,,,,,
532,554,397,190,,,,,,,,
331,921,439,978,766,,,,,,,
614,67,957,819,111,195,739,,,,,
830,805,560,194,,,,,,,,
875,813,861,737,191,351,,,,,,
78,645,,,,,,,,,,
408,595,390,221,959,242,,,,,,
828,605,,,,,,,,,,
523,281,408,202,239,24,601,90,,,,
507,86,429,,,,,,,,,
507,593,810,349,459,,,,,,,
241,805,,,,,,,,,,
241,596,315,981,531,,,,,,,
419,420,445,819,,,,,,,,
368,221,186,18,805,209,49,,,,,
542,580,567,394,,,,,,,,
586,229,18,792,,,,,,,,
229,15,14,406,,,,,,,,
427,465,70,37,868,,,,,,,
427,465,70,37,868,,,,,,,
406,455,42,184,,,,,,,,
131,307,15,744,,,,,,,,
523,102,641,523,619,610,,,,,,
523,305,489,747,121,342,,,,,,
747,577,500,555,,,,,,,,
348,614,489,186,967,,,,,,,
544,709,692,901,,,,,,,,
192,624,609,,,,,,,,,
910,146,,,,,,,,,,
408,622,858,,,,,,,,,
914,390,737,222,,,,,,,,
172,443,668,324,76,,,,,,,
810,826,473,737,,,,,,,,
737,833,46,502,819,544,,,,,,
819,637,980,116,,,,,,,,
654,591,607,866,,,,,,,,
866,322,0,48,764,,,,,,,
866,461,414,523,194,,,,,,,
668,623,671,519,,,,,,,,
357,273,99,427,143,733,141,,,,,
204,702,187,915,585,,,,,,,
204,699,898,,,,,,,,,
632,322,,,,,,,,,,
632,910,,,,,,,,,,
470,692,215,138,,,,,,,,
858,997,792,,,,,,,,,
647,218,898,,,,,,,,,
874,,,,,,,,,,,
154,396,24,,,,,,,,,
423,346,28,873,,,,,,,,
313,370,628,492,,,,,,,,
474,431,875,386,7,,,,,,,
474,431,394,279,196,,,,,,,
619,308,806,750,731,,,,,,,
601,734,669,366,409,14,,,,,,
421,474,327,792,,,,,,,,
822,751,,,,,,,,,,
14,218,415,398,724,,,,,,,
441,138,16,11,56,,,,,,,
441,821,108,275,,,,,,,,
492,539,,,,,,,,,,
101,509,,,,,,,,,,
866,172,,,,,,,,,,
891,135,103,186,,,,,,,,
523,670,439,790,,,,,,,,
619,792,345,724,,,,,,,,
619,792,724,783,781,,,,,,,
741,267,48,26,,,,,,,,
48,868,709,101,875,,,,,,,
2,869,,,,,,,,,,
406,602,408,878,293,,,,,,,
406,602,408,741,,,,,,,,
345,254,712,504,4,566,117,,,,,
712,894,694,116,,,,,,,,
894,116,318,507,952,116,110,605,,,,
894,507,952,110,788,495,688,,,,,
894,175,992,403,780,967,,,,,,
161,474,741,296,,,,,,,,
67,336,,,,,,,,,,
336,270,951,900,521,440,,,,,,
619,589,66,254,,,,,,,,
589,829,523,652,,,,,,,,
586,740,48,,,,,,,,,
290,221,293,664,672,56,,,,,,
68,19,30,403,709,,,,,,,
108,427,339,,,,,,,,,
529,864,816,189,739,,,,,,,
187,84,816,802,277,308,,,,,,
187,619,313,186,334,319,842,,,,,
375,549,390,19,827,918,,,,,,
932,,,,,,,,,,,
577,31,307,19,,,,,,,,
146,285,653,,,,,,,,,
983,892,690,,,,,,,,,
983,72,494,,,,,,,,,
493,398,,,,,,,,,,
493,494,374,,,,,,,,,
143,402,895,459,,,,,,,,
895,875,143,,,,,,,,,
926,,,,,,,,,,,
479,,,,,,,,,,,
861,143,110,,,,,,,,,
588,424,390,770,500,,,,,,,
730,84,754,958,,,,,,,,
185,589,,,,,,,,,,
773,544,209,,,,,,,,,
16,504,16,85,599,86,,,,,,
30,267,352,,,,,,,,,
96,245,121,,,,,,,,,
917,737,920,,,,,,,,,
917,737,920,766,187,701,961,331,408,,,
766,331,414,19,735,184,690,,,,,
577,96,741,100,14,,,,,,,
524,116,645,751,185,,,,,,,
116,645,751,185,946,,,,,,,
410,870,827,86,482,,,,,,,
324,878,944,242,181,,,,,,,
116,594,792,,,,,,,,,
315,433,657,576,890,875,,,,,,
880,492,826,324,470,878,42,,,,,
324,470,42,959,195,,,,,,,
755,521,162,29,30,,,,,,,
792,712,,,,,,,,,,
110,475,244,653,,,,,,,,
740,704,790,,,,,,,,,
740,144,,,,,,,,,,
654,335,139,,,,,,,,,
622,120,170,137,445,16,951,,,,,
822,515,704,,,,,,,,,
322,,,,,,,,,,,
188,261,620,,,,,,,,,
748,826,33,428,110,635,,,,,,
748,428,635,321,595,889,,,,,,
708,178,584,589,,,,,,,,
433,688,343,,,,,,,,,
858,86,,,,,,,,,,
86,905,108,314,,,,,,,,
671,39,605,992,423,702,,,,,,
39,98,514,134,,,,,,,,
47,72,,,,,,,,,,
389,336,,,,,,,,,,
764,103,,,,,,,,,,
288,494,831,732,,,,,,,,
24,879,408,100,30,172,482,,,,,
400,564,194,,,,,,,,,
319,891,959,,,,,,,,,
854,,,,,,,,,,,
175,833,654,,,,,,,,,
295,504,832,562,,,,,,,,
295,308,,,,,,,,,,
154,404,709,481,,,,,,,,
39,244,596,33,,,,,,,,
886,349,161,831,623,,,,,,,
726,279,446,,,,,,,,,
338,606,595,,,,,,,,,
606,595,215,550,,,,,,,,
657,988,909,481,101,388,,,,,,
18,539,662,672,992,608,,,,,,
250,117,219,823,882,941,443,739,,,,
272,425,711,854,568,,,,,,,
312,330,577,242,,,,,,,,
211,979,331,,,,,,,,,
211,593,977,,,,,,,,,
977,285,751,11,,,,,,,,
665,525,180,795,1,,,,,,,
665,531,578,479,829,210,,,,,,
829,210,,,,,,,,,,
829,210,654,,,,,,,,,
108,389,919,,,,,,,,,
108,389,919,261,318,589,195,805,,,,
709,32,180,,,,,,,,,
184,856,717,,,,,,,,,
856,690,218,,,,,,,,,
234,923,567,781,807,,,,,,,
744,384,,,,,,,,,,
744,244,472,,,,,,,,,
345,385,194,868,,,,,,,,
195,376,108,945,,,,,,,,
717,191,,,,,,,,,,
191,614,41,946,1,,,,,,,
250,585,926,14,,,,,,,,
14,310,99,68,972,401,,,,,,
227,978,253,965,,,,,,,,
241,221,48,530,,,,,,,,
918,792,108,997,668,964,368,396,,,,
728,967,270,413,,,,,,,,
967,919,621,,,,,,,,,
831,393,776,868,967,,,,,,,
967,135,121,244,,,,,,,,
135,733,293,563,351,916,,,,,,
604,916,,,,,,,,,,
459,861,,,,,,,,,,
135,481,596,,,,,,,,,
135,552,637,186,314,709,,,,,,
400,774,492,521,,,,,,,,
521,,,,,,,,,,,
521,808,964,,,,,,,,,
141,214,234,459,575,,,,,,,
737,81,186,308,603,,,,,,,
170,514,146,,,,,,,,,
653,449,97,,,,,,,,,
119,470,121,195,,,,,,,,
232,232,,,,,,,,,,
916,143,533,632,,,,,,,,
595,229,,,,,,,,,,
595,229,86,322,141,920,117,478,465,,,
652,668,,,,,,,,,,
831,653,428,867,194,,,,,,,
428,154,554,,,,,,,,,
42,409,49,,,,,,,,,
731,168,,,,,,,,,,
446,0,,,,,,,,,,
218,44,,,,,,,,,,
858,75,,,,,,,,,,
898,628,664,272,584,457,585,,,,,
190,308,331,,,,,,,,,
653,985,951,951,67,543,910,,,,,
811,881,617,,,,,,,,,
617,800,718,,,,,,,,,
75,734,267,,,,,,,,,
389,390,240,801,,,,,,,,
357,334,,,,,,,,,,
718,359,,,,,,,,,,
242,706,32,731,,,,,,,,
242,32,185,630,355,110,,,,,,
987,632,668,234,404,99,225,163,,,,
78,737,959,,,,,,,,,
490,18,339,,,,,,,,,
656,108,981,839,244,618,,,,,,
108,981,839,91,409,,,,,,,
828,602,677,615,90,,,,,,,
677,615,384,,,,,,,,,
615,827,567,857,,,,,,,,
194,686,975,813,191,,,,,,,
44,374,135,980,,,,,,,,
70,160,,,,,,,,,,
399,270,458,696,875,277,,,,,,
399,875,601,893,,,,,,,,
477,293,,,,,,,,,,
477,138,826,218,270,,,,,,,
138,826,270,150,427,719,831,,,,,
959,524,917,321,500,631,,,,,,
86,544,315,421,981,549,,,,,,
917,639,550,305,,,,,,,,
448,72,384,,,,,,,,,
193,345,485,,,,,,,,,
922,527,598,,,,,,,,,
917,477,138,,,,,,,,,
219,886,967,932,690,,,,,,,
932,1,267,,,,,,,,,
783,424,423,254,,,,,,,,
479,589,801,,,,,,,,,
419,177,159,46,470,,,,,,,
159,701,310,321,,,,,,,,
827,649,210,191,,,,,,,,
178,867,,,,,,,,,,
270,179,170,233,,,,,,,,
213,822,409,195,270,,,,,,,
406,,,,,,,,,,,
533,921,526,635,279,,,,,,,
430,970,699,99,250,328,,,,,,
683,562,,,,,,,,,,
683,740,588,396,331,210,203,,,,,
932,958,490,,,,,,,,,
136,812,709,628,,,,,,,,
14,186,599,996,81,647,656,,,,,
411,,,,,,,,,,,
411,765,148,83,146,,,,,,,
485,831,565,542,,,,,,,,
221,814,,,,,,,,,,
814,448,422,,,,,,,,,
161,76,797,632,101,330,,,,,,
111,867,934,319,286,,,,,,,
526,101,,,,,,,,,,
101,514,,,,,,,,,,
959,108,941,,,,,,,,,
826,880,313,,,,,,,,,
321,28,,,,,,,,,,
321,51,,,,,,,,,,
51,19,,,,,,,,,,
19,72,39,203,,,,,,,,
896,345,56,749,,,,,,,,
378,589,388,599,895,190,562,,,,,
267,,,,,,,,,,,
267,718,449,,,,,,,,,
449,322,741,632,166,964,672,67,,,,
507,413,,,,,,,,,,
959,891,,,,,,,,,,
102,,,,,,,,,,,
399,957,348,,,,,,,,,
416,46,526,,,,,,,,,
161,555,267,,,,,,,,,
123,532,33,394,123,749,527,,,,,
973,345,,,,,,,,,,
597,792,,,,,,,,,,
290,959,599,322,406,,,,,,,
215,623,410,704,788,323,,,,,,
698,,,,,,,,,,,
698,632,,,,,,,,,,
698,681,,,,,,,,,,
630,874,793,527,247,,,,,,,
793,187,96,898,,,,,,,,
748,192,27,895,515,491,,,,,,
748,873,720,978,186,,,,,,,
18,697,,,,,,,,,,
966,905,400,,,,,,,,,
507,875,161,472,,,,,,,,
507,112,409,567,,,,,,,,
905,396,726,265,408,252,,,,,,
416,313,21,152,482,,,,,,,
152,401,743,,,,,,,,,
335,,,,,,,,,,,
221,791,,,,,,,,,,
57,639,6,115,741,,,,,,,
163,494,523,967,395,419,,,,,,
898,330,672,645,507,1,,,,,,
737,618,19,774,,,,,,,,
622,331,828,183,,,,,,,,
505,194,,,,,,,,,,
194,482,601,562,389,141,478,,,,,
478,431,78,,,,,,,,,
847,827,562,987,,,,,,,,
570,120,919,,,,,,,,,
731,399,,,,,,,,,,
703,125,151,401,,,,,,,,
545,886,,,,,,,,,,
308,537,186,861,187,,,,,,,
210,524,657,204,749,886,,,,,,
615,403,693,294,898,,,,,,,
336,875,,,,,,,,,,
875,526,315,,,,,,,,,
315,351,324,,,,,,,,,
694,850,565,827,,,,,,,,
850,351,733,980,589,,,,,,,
589,690,163,,,,,,,,,
52,,,,,,,,,,,
52,163,737,879,,,,,,,,
543,455,34,,,,,,,,,
742,318,162,,,,,,,,,
742,318,162,118,244,,,,,,,
189,408,764,443,878,342,,,,,,
154,202,210,293,187,233,,,,,,
812,946,273,819,980,,,,,,,
288,489,844,773,690,250,686,989,,,,
228,959,476,472,690,,,,,,,
228,959,476,472,230,,,,,,,
56,563,801,,,,,,,,,
308,,,,,,,,,,,
308,,,,,,,,,,,
308,403,337,777,363,502,44,329,214,,,
184,261,,,,,,,,,,
184,419,668,653,,,,,,,,
33,,,,,,,,,,,
704,945,506,878,189,19,790,,,,,
99,587,274,514,86,310,,,,,,
345,641,718,,,,,,,,,
635,805,,,,,,,,,,
805,349,534,147,992,,,,,,,
160,,,,,,,,,,,
160,875,696,526,261,390,,,,,,
709,292,329,,,,,,,,,
292,474,550,455,470,,,,,,,
292,496,,,,,,,,,,
292,496,725,542,140,408,,,,,,
308,831,0,419,67,,,,,,,
434,323,408,,,,,,,,,
739,308,86,181,458,690,,,,,,
523,793,920,239,,,,,,,,
980,239,307,664,,,,,,,,
980,,,,,,,,,,,
492,401,46,668,136,,,,,,,
102,,,,,,,,,,,
218,649,585,496,601,339,539,,,,,
847,,,,,,,,,,,
433,44,408,,,,,,,,,
589,704,347,591,419,115,900,585,,,,
277,663,680,596,692,190,,,,,,
375,617,550,622,31,250,114,,,,,
375,114,893,448,,,,,,,,
413,891,191,599,978,,,,,,,
419,792,56,901,,,,,,,,
585,847,482,,,,,,,,,
585,78,743,,,,,,,,,
608,938,,,,,,,,,,
608,146,140,439,862,,,,,,,
507,154,14,455,186,,,,,,,
154,664,566,,,,,,,,,
464,447,652,593,,,,,,,,
351,,,,,,,,,,,
190,800,87,,,,,,,,,
800,850,605,854,538,14,288,,,,,
837,258,160,,,,,,,,,
837,389,308,478,,,,,,,,
389,166,170,,,,,,,,,
774,967,81,49,,,,,,,,
774,967,81,221,,,,,,,,
21,170,19,,,,,,,,,
170,351,365,148,,,,,,,,
29,868,,,,,,,,,,
645,475,805,78,,,,,,,,
709,559,501,34,,,,,,,,
788,,,,,,,,,,,
26,295,293,601,958,677,,,,,,
295,550,0,861,,,,,,,,
119,487,234,60,161,,,,,,,
614,,,,,,,,,,,
898,241,599,,,,,,,,,
154,486,396,186,635,,,,,,,
202,44,,,,,,,,,,
455,123,577,242,,,,,,,,
293,554,106,,,,,,,,,
293,106,34,229,406,458,751,,,,,
477,952,531,,,,,,,,,
668,138,,,,,,,,,,
218,14,617,923,479,932,,,,,,
321,181,599,917,,,,,,,,
474,425,587,,,,,,,,,
449,18,605,270,769,,,,,,,
932,874,889,446,,,,,,,,
234,,,,,,,,,,,
459,123,829,389,191,430,852,,,,,
764,548,509,950,,,,,,,,
266,831,751,711,345,,,,,,,
831,34,909,344,406,773,,,,,,
470,305,161,756,603,,,,,,,
263,,,,,,,,,,,
925,199,521,,,,,,,,,
797,23,86,596,,,,,,,,
323,408,327,308,917,16,,,,,,
277,,,,,,,,,,,
86,,,,,,,,,,,
492,862,617,523,,,,,,,,
523,399,,,,,,,,,,
719,518,23,966,951,,,,,,,
844,854,267,536,,,,,,,,
239,223,614,321,288,668,723,494,,,,
310,190,968,315,739,,,,,,,
310,968,739,279,472,,,,,,,
739,828,504,690,301,19,295,666,,,,
690,234,,,,,,,,,,
614,,,,,,,,,,,
893,26,,,,,,,,,,
893,577,452,266,,,,,,,,
396,4,19,396,,,,,,,,
365,709,232,898,659,524,,,,,,
659,168,387,221,,,,,,,,
659,168,184,589,431,802,,,,,,
394,250,468,135,922,117,,,,,,
394,250,135,922,86,492,359,,,,,
449,308,636,599,178,,,,,,,
449,308,599,178,234,,,,,,,
422,74,,,,,,,,,,
846,731,115,637,872,,,,,,,
872,595,828,749,111,,,,,,,
530,321,396,,,,,,,,,
952,545,0,909,184,663,307,331,,,,
301,931,152,720,656,203,,,,,,
644,473,92,,,,,,,,,
158,,,,,,,,,,,
26,923,427,448,56,,,,,,,
56,,,,,,,,,,,
56,867,931,539,286,681,417,,,,,
784,34,595,970,609,90,,,,,,
989,170,108,735,,,,,,,,
29,568,30,668,,,,,,,,
514,356,,,,,,,,,,
731,129,30,165,,,,,,,,
566,26,194,,,,,,,,,
